x,p,k,epsilon
0,1.21611080438,0.443982494395,0.00148639424464
2.07207207207,1.21656279474,0.444004906241,0.00148423619837
4.14414414414,1.21688525413,0.444023618007,0.00148399728121
6.21621621622,1.21719398469,0.444041937606,0.00148396177023
8.28828828829,1.21750271524,0.444060257206,0.00148392625926
10.3603603604,1.21776968321,0.444077140527,0.0014845376612
12.4324324324,1.21813601914,0.444090741078,0.0014857736173
14.5045045045,1.21924667881,0.444104451073,0.00148400686278
16.5765765766,1.2204038535,0.444119099753,0.00148405593993
18.6486486486,1.22156102819,0.444133748433,0.00148410501708
20.7207207207,1.22271820288,0.444148397113,0.00148415409423
22.7927927928,1.22391202646,0.444163292151,0.00148525595249
24.8648648649,1.2255448764,0.444178426301,0.00148565037917
26.9369369369,1.22774498349,0.444193979231,0.00148432190236
29.009009009,1.22995135525,0.444210399672,0.00148438241434
31.0810810811,1.23215772701,0.444226820112,0.00148444292632
33.1531531532,1.23436409878,0.444243240553,0.0014845034383
35.2252252252,1.23660407977,0.444260086286,0.00148604584916
37.2972972973,1.23950556649,0.444277140244,0.00148559972407
39.3693693694,1.24276966229,0.444295042428,0.00148471105752
41.4414414414,1.24601185453,0.444313672549,0.00148478443031
43.5135135135,1.24925404677,0.444332302671,0.00148485780309
45.5855855856,1.25249623901,0.444350932793,0.00148493117588
47.6576576577,1.2557453672,0.44437020528,0.00148691620007
49.7297297297,1.25994319468,0.444389654128,0.00148563071797
51.8018018018,1.26429502349,0.444410529928,0.00148518379722
53.8738738739,1.26863496134,0.444431900844,0.00148527174769
55.9459459459,1.27297489918,0.44445327176,0.00148535969815
58.018018018,1.27731802052,0.444474750957,0.00148573402065
60.0900900901,1.2817362525,0.444496910608,0.00148769982834
62.1621621622,1.28737421406,0.444519322582,0.00148575427587
64.2342342342,1.29297920359,0.444543964162,0.00148575155788
66.3063063063,1.29858237155,0.444568728918,0.00148585617327
68.3783783784,1.30418553951,0.444593493675,0.00148596078865
70.4504504505,1.3098038978,0.444618547944,0.00148678124936
72.5225225225,1.31582067845,0.444644248199,0.00148791157067
74.5945945946,1.32293033541,0.44467072105,0.00148630437996
76.6666666667,1.33001702928,0.444699705493,0.00148642823993
78.7387387387,1.33710372316,0.444728689936,0.00148655209989
80.8108108108,1.34419041703,0.444757674379,0.00148667595986
82.8828828829,1.3513080154,0.444787128216,0.00148794554575
84.954954955,1.35924728877,0.444817237848,0.00148824267811
87.027027027,1.36811505268,0.444849088128,0.00148708480002
89.0990990991,1.37697598729,0.444883392307,0.00148723122183
91.1711711712,1.3858369219,0.444917696486,0.00148737764364
93.2432432432,1.39469785651,0.444952000664,0.00148752406545
95.3153153153,1.40361130271,0.444986917079,0.00148924614992
97.3873873874,1.41393902834,0.445022623434,0.00148871338733
99.4594594595,1.42496822945,0.445061590941,0.00148800987811
101.531531532,1.43600594692,0.44510276055,0.00148818335405
103.603603604,1.44704366438,0.44514393016,0.00148835682999
105.675675676,1.45808138185,0.445185099769,0.00148853030594
107.747747748,1.46920179024,0.445226935337,0.00149070878024
109.81981982,1.48259249637,0.445269964257,0.00148935128331
111.891891892,1.49635657507,0.445318752325,0.00148910966346
113.963963964,1.51013705514,0.445369096531,0.00148931668427
116.036036036,1.52391753521,0.445419440736,0.00148952370507
118.108108108,1.53771811905,0.445469876023,0.00149010666901
120.18018018,1.55189317572,0.445520898261,0.00149201543204
122.252252252,1.56905645537,0.44557380781,0.00149019699086
124.324324324,1.58635717281,0.445636828238,0.00149042918912
126.396396396,1.60365912096,0.445699939205,0.00149067975018
128.468468468,1.62096106911,0.445763050173,0.00149093031123
130.540540541,1.63831056051,0.445826239802,0.00149198462494
132.612612613,1.65699071733,0.445890550695,0.00149308407774
134.684684685,1.67872484135,0.445960287847,0.00149173041359
136.756756757,1.70069887264,0.446042223879,0.00149204147451
138.828828829,1.72267290393,0.446124159911,0.00149235253542
140.900900901,1.74464693521,0.446206095944,0.00149266359634
142.972972973,1.76673999518,0.446288074207,0.00149420331816
145.045045045,1.79176811976,0.4463730666,0.00149451571448
147.117117117,1.81971681059,0.44647005584,0.00149367480128
149.189189189,1.84783060677,0.446580166285,0.00149407506904
151.261261261,1.87594440294,0.44669027673,0.00149447533681
153.333333333,1.90405819911,0.446800387175,0.00149487560457
155.405405405,1.9322241884,0.446909839224,0.00149692282676
157.477477477,1.96591037424,0.447027012621,0.00149648547263
159.54954955,2.0026014741,0.447166585824,0.00149619889765
161.621621622,2.03978149073,0.447318085163,0.00149672308322
163.693693694,2.07696150736,0.447469584502,0.00149724726879
165.765765766,2.11415586369,0.447621040613,0.00149780681808
167.837837838,2.15215198898,0.447770079738,0.00150034364052
169.90990991,2.2000775247,0.447938700714,0.00149919483956
171.981981982,2.25101832332,0.448124576099,0.0014993178264
174.054054054,2.30270492305,0.448314826318,0.00149977818928
176.126126126,2.36514069566,0.448545704457,0.00150036302829
178.198198198,2.42966642892,0.448774580724,0.00150103326108
180.27027027,2.4993519733,0.449000120931,0.00150194895931
182.342342342,2.55579118444,0.449249057644,0.00150255436179
184.414414414,2.60987644117,0.449482063096,0.00150320686698
186.486486486,2.66525945916,0.449720877646,0.00150407712795
188.558558559,2.74041137887,0.450089552813,0.00150535062723
190.630630631,2.81559785057,0.450494156581,0.00150665104146
192.702702703,2.89512789999,0.450942148757,0.00150811462847
194.774774775,2.98312235728,0.451474692704,0.00150989619322
196.846846847,3.07081818765,0.451979506328,0.00151160378232
198.918918919,3.16576304261,0.452534080808,0.00151347563369
200.990990991,3.27044618619,0.453202899816,0.0015156919062
203.063063063,3.37573234972,0.453913139646,0.0015180188705
205.135135135,3.49266139332,0.454757782565,0.0015207226946
207.207207207,3.61920043315,0.455713361367,0.00152373757758
209.279279279,3.7448098149,0.456609900116,0.00152660779386
211.351351351,3.88706648863,0.45769300832,0.00152998139909
213.423423423,4.03917467976,0.458941469212,0.00153378315834
215.495495495,4.19192556091,0.460233982331,0.00153769152701
217.567567568,4.36908525423,0.461872583901,0.00154248559456
219.63963964,4.55410065722,0.463622570259,0.00154756471462
221.711711712,4.73771096047,0.4652522188,0.00155236224102
223.783783784,4.95440335462,0.467377854789,0.00155849457673
225.855855856,5.17761732713,0.469703198828,0.00156506777573
227.927927928,5.40118900804,0.472064988838,0.00157170948716
230,5.66823454526,0.475210516801,0.00158040838
232.072072072,5.9365849773,0.478354917013,0.00158914715553
234.144144144,6.20697807175,0.481420888761,0.00159791135155
236.216216216,6.52235625704,0.485420130335,0.00160932711397
238.288288288,6.83957524006,0.489604296173,0.00162083524656
240.36036036,7.16755329978,0.494050914424,0.00163305809136
242.432432432,7.54640110978,0.499720487025,0.00164866398365
244.504504505,7.92499291645,0.505323257203,0.00166430955087
246.576576577,8.30320847765,0.510969900028,0.00168039518087
248.648648649,8.68182640464,0.517046539698,0.00169742135877
250.720720721,9.06164215205,0.523241045295,0.00171431896942
252.792792793,9.53301341068,0.530315250488,0.00173358079414
254.864864865,10.1521219715,0.538808970938,0.00175665760065
256.936936937,10.7721387515,0.547240793472,0.00178001041445
259.009009009,11.0417418711,0.558878582105,0.00181297352807
261.081081081,10.9393802884,0.573958217736,0.00185528085931
263.153153153,10.8337591246,0.589065013314,0.00189669658377
265.225225225,9.18269094447,0.60332512515,0.00193562067611
267.297297297,6.46344615007,0.617000029104,0.00197282261096
269.369369369,3.73966090137,0.630701543186,0.00201099887592
271.441441441,0.54263960961,0.640931792658,0.00203893086095
273.513513514,-2.86104960399,0.649576511953,0.00206191707326
275.585585586,-6.26483921409,0.658178676197,0.00208466871035
277.657657658,-7.49229789368,0.669824322595,0.00211589724261
279.72972973,-8.17567141822,0.682230873641,0.00214924524981
281.801801802,-8.84555480031,0.694827379198,0.00218399179421
283.873873874,-8.11161669923,0.709055626897,0.00222421115693
285.945945946,-7.22910853398,0.723287224952,0.00226362772584
288.018018018,-6.3510169023,0.737448806894,0.00230264895096
290.09009009,-5.97881154713,0.748197809793,0.00233390420374
292.162162162,-5.60813420595,0.758996797669,0.00236544552465
294.234234234,-5.2692970218,0.76971415694,0.00239756303972
296.306306306,-5.13488526275,0.778300126381,0.00242567503251
298.378378378,-5.00114110144,0.786573106308,0.0024523510563
300.45045045,-4.85376869538,0.794462277466,0.0024785207972
302.522522523,-4.65733460822,0.800969737051,0.00250286791971
304.594594595,-4.4600012632,0.807606307216,0.00252787239896
306.666666667,-4.26612678371,0.813785263028,0.00255300926797
308.738738739,-4.08212950046,0.81856905942,0.00257610924139
310.810810811,-3.89793128056,0.823178707284,0.00259789649272
312.882882883,-3.73065691609,0.827145691832,0.00261903195557
314.954954955,-3.58617794872,0.830247048239,0.00263928949923
317.027027027,-3.44179198642,0.833408821349,0.00266077878926
319.099099099,-3.3065889077,0.836033925735,0.00268326788601
321.171171171,-3.1792040832,0.83817644623,0.00270497875858
323.243243243,-3.05147877033,0.840350732053,0.00272537230452
325.315315315,-2.93317461346,0.842222458911,0.00274669713282
327.387387387,-2.82029084772,0.843920110746,0.00276855776741
329.459459459,-2.70815440879,0.845462040017,0.00279270940581
331.531531532,-2.60853883299,0.84680733601,0.00281938242105
333.603603604,-2.51316620373,0.848262109477,0.00284477444923
335.675675676,-2.41772479215,0.849810044616,0.0028690513694
337.747747748,-2.33495279506,0.851421070364,0.0028959700818
339.81981982,-2.25451664717,0.853031545853,0.00292352436909
341.891891892,-2.17374805873,0.854373509265,0.00295426250775
343.963963964,-2.10312801496,0.855952063267,0.00298860171277
346.036036036,-2.03372971827,0.857769841906,0.00302037162011
348.108108108,-1.96488146511,0.859648553154,0.0030519475161
350.18018018,-1.90393298686,0.861920348783,0.00308873276311
352.252252252,-1.84272889929,0.864130241414,0.00312617676004
354.324324324,-1.78363071778,0.8661322736,0.00316474329103
356.396396396,-1.7395154771,0.868042753091,0.00319922539337
358.468468468,-1.68848938246,0.870576392766,0.00323964644887
360.540540541,-1.63136303307,0.873404058978,0.00328669545357
362.612612613,-1.55958370416,0.877352750503,0.00335399596723
364.684684685,-1.5011155551,0.882758243925,0.0034287452636
366.756756757,-1.44508126704,0.887625186413,0.00349665887603
368.828828829,-1.39327726119,0.891556076087,0.00355269141875
370.900900901,-1.34663808092,0.896648828458,0.00362371533467
372.972972973,-1.30894288836,0.899776518313,0.00367205837501
375.045045045,-1.27637084079,0.901094638726,0.0036968985601
377.117117117,-1.24296836074,0.904790719353,0.00374710103782
379.189189189,-1.2095658807,0.908486800016,0.00379730351593
381.261261261,-1.17616340064,0.912182880706,0.00384750599432
383.333333333,-1.14119485492,0.918539118386,0.00393029641877
385.405405405,-1.11153870996,0.920588720052,0.00396523549221
387.477477477,-1.08350322512,0.922822240564,0.00400035693084
389.54954955,-1.05466753955,0.926916287396,0.00405511725645
391.621621622,-1.02583185395,0.93101033428,0.00410987758272
393.693693694,-0.996996168336,0.935104381177,0.00416463790917
395.765765766,-0.966019456174,0.94314645844,0.00426584356405
397.837837838,-0.941481244524,0.943517146572,0.00428171111514
399.90990991,-0.91669882429,0.946887855417,0.0043292468628
401.981981982,-0.891634010085,0.951311107774,0.00438804274263
404.054054054,-0.866569195799,0.955734360194,0.00444683862334
406.126126126,-0.841233372905,0.961022753977,0.00451572900839
408.198198198,-0.815434376858,0.969024245937,0.00461669219484
410.27027027,-0.796075116393,0.968139882401,0.00461791043257
412.342342342,-0.774799026383,0.972811677434,0.00468009329755
414.414414414,-0.753522592149,0.977484470202,0.00474228711018
416.486486486,-0.732246157843,0.982157263018,0.00480448092356
418.558558559,-0.710191254469,0.988814824041,0.00489003678195
420.630630631,-0.689234611904,0.99515855546,0.00497295718489
422.702702703,-0.672915244322,0.995238547332,0.00498399388983
424.774774775,-0.654545858505,1.00007624809,0.00504885017683
426.846846847,-0.636176472651,1.00491394888,0.00511370646422
428.918918919,-0.617807086744,1.0097516497,0.00517856275219
430.990990991,-0.597861914299,1.01784592351,0.00528240853553
433.063063063,-0.580971746443,1.02204578302,0.00534104310385
435.135135135,-0.566659389899,1.02323318883,0.00536417349919
437.207207207,-0.5505553783,1.02814952908,0.00543085873909
439.279279279,-0.534451366645,1.03306586936,0.0054975439796
441.351351351,-0.518347354955,1.03798220967,0.00556422922048
443.423423423,-0.499764403152,1.04754609777,0.00568771320321
445.495495495,-0.486711239923,1.04919336207,0.0057159815917
447.567567568,-0.473825018705,1.05159152883,0.00575331277489
449.63963964,-0.459636880256,1.05650169534,0.0058209216773
451.711711712,-0.445448741736,1.06141186189,0.00588853058052
453.783783784,-0.431170950634,1.06647870377,0.00595809570144
455.855855856,-0.413569621038,1.07735370529,0.00610018037862
457.927927928,-0.404218563702,1.07612501437,0.00609258281778
460,-0.392299894751,1.07979732703,0.00614588274675
462.072072072,-0.379750148582,1.08462023063,0.00621346880483
464.144144144,-0.367200402335,1.08944313427,0.00628105486383
466.216216216,-0.353772418071,1.09571938956,0.00636716849782
468.288288288,-0.338765004137,1.10485377799,0.00648985834175
470.36036036,-0.331502543132,1.1027012162,0.00646953173681
472.432432432,-0.320356297735,1.10736158608,0.00653614112463
474.504504505,-0.30921005232,1.11202195597,0.00660275051267
476.576576577,-0.298063806848,1.11668232589,0.00666935990138
478.648648649,-0.285152787601,1.12415723544,0.0067725523766
480.720720721,-0.273301575769,1.13036722746,0.00685947690811
482.792792793,-0.266524911441,1.12940467639,0.00685364745728
484.864864865,-0.256595924209,1.13383503358,0.00691835672159
486.936936937,-0.246666936947,1.13826539079,0.00698306598626
489.009009009,-0.236737949648,1.14269574802,0.00704777525138
491.081081081,-0.224112348202,1.15132709678,0.00716806032715
493.153153153,-0.215329827141,1.15443201722,0.00721525110382
495.225225225,-0.208779514504,1.15467764555,0.00722510112432
497.297297297,-0.199916685635,1.15881990981,0.00728705391694
499.369369369,-0.191053856726,1.16296217409,0.00734900671004
501.441441441,-0.182191027797,1.16710443838,0.00741095950339
503.513513514,-0.169700471478,1.17682167973,0.00754783456406
505.585585586,-0.16384844575,1.1767378702,0.00755269548395
507.657657658,-0.157342485688,1.17817276741,0.0075788030282
509.72972973,-0.149418827638,1.18197934622,0.00763724200053
511.801801802,-0.141495169542,1.18578592505,0.00769568097339
513.873873874,-0.133276984403,1.19004252563,0.00776025192564
515.945945946,-0.121130398957,1.20030151432,0.00790661119055
518.018018018,-0.118019380137,1.19703579321,0.00786796011616
520.09009009,-0.111441973938,1.19960907346,0.00791031666527
522.162162162,-0.10434966715,1.20304337945,0.00796460892648
524.234234234,-0.0972573603189,1.20647768546,0.00801890118815
526.306306306,-0.0890037640459,1.21168802897,0.00809768597298
528.378378378,-0.0793866202715,1.21900339955,0.008205313502
530.45045045,-0.0767805769787,1.21573846117,0.00816635905238
532.522522523,-0.070427385392,1.21877489372,0.00821600932848
534.594594595,-0.0640741937933,1.22181132626,0.00826565960468
536.666666667,-0.0577210021647,1.22484775882,0.00831530988115
538.738738739,-0.049387522707,1.23093344566,0.00840744687923
540.810810811,-0.042358466463,1.23499816004,0.0084709434214
542.882882883,-0.0394382912025,1.23290390561,0.00844846289757
544.954954955,-0.0337441859989,1.23552735788,0.00849311717124
547.027027027,-0.028050080777,1.23815081016,0.00853777144503
549.099099099,-0.0223559755364,1.24077426244,0.00858242571894
551.171171171,-0.0139374873773,1.24764418839,0.00868676436952
553.243243243,-0.00927119501379,1.24858179768,0.008706903474
555.315315315,-0.00601772888989,1.24758381947,0.00870032133847
557.387387387,-0.000912816071563,1.24978878423,0.00873977024429
559.459459459,0.00419209676968,1.251993749,0.00877921915019
561.531531532,0.00929700962054,1.25419871376,0.00881866805611
563.603603604,0.0177751173709,1.26175431475,0.00893385949297
565.675675676,0.0203340335104,1.25974172212,0.00891243635347
567.747747748,0.0239050663732,1.25975121137,0.00892081510434
569.81981982,0.0284817023101,1.26154068956,0.00895497679323
571.891891892,0.0330583382731,1.26333016776,0.00898913848209
573.963963964,0.0380329913106,1.26576554422,0.00903249497553
576.036036036,0.0459990402212,1.27305042677,0.00914486166222
578.108108108,0.046850373925,1.26851263984,0.0090874639905
580.18018018,0.0506973497568,1.26943239973,0.00910958943328
582.252252252,0.0547993057281,1.27081668976,0.00913848364672
584.324324324,0.0589012617206,1.27220097979,0.00916737786007
586.396396396,0.0640597267772,1.27534842525,0.00922147718704
588.468468468,0.0699297457981,1.27960947409,0.00929115877613
590.540540541,0.0710068109392,1.27570364096,0.00924318330165
592.612612613,0.074681794371,1.27669901076,0.0092669189527
594.684684685,0.0783567778091,1.27769438055,0.00929065460369
596.756756757,0.0820317612597,1.27868975034,0.00931439025456
598.828828829,0.0873177645128,1.28246459717,0.00937797089945
600.900900901,0.0913598690538,1.28393723167,0.0094079110664
602.972972973,0.0928535520009,1.28103196252,0.00937486321965
605.045045045,0.0961440356956,1.28165932168,0.00939362644655
607.117117117,0.0994345193969,1.28228668083,0.00941238967333
609.189189189,0.102725003104,1.28291403998,0.00943115290001
611.261261261,0.108074011835,1.28723286319,0.00950291033985
613.333333333,0.110557408211,1.28616795282,0.00949646715271
615.405405405,0.1123927347,1.28416602059,0.00947696089498
617.477477477,0.115336382439,1.28444965506,0.00949100457824
619.54954955,0.118280030182,1.28473328953,0.00950504826128
621.621621622,0.121223677927,1.28501692399,0.00951909194425
623.693693694,0.126568002229,1.2897994798,0.00959772929644
625.765765766,0.127753820335,1.28645427939,0.0095585112418
627.837837838,0.129850446535,1.28525984376,0.00955110964344
629.90990991,0.132480242773,1.28522628108,0.0095607419781
631.981981982,0.135110039012,1.28519271839,0.00957037431241
634.054054054,0.138097877764,1.28586415149,0.00959011797634
636.126126126,0.142738214239,1.289765315,0.00965610363326
638.198198198,0.143145988639,1.28496086026,0.00959599428831
640.27027027,0.145422727345,1.28448126623,0.0095992593336
642.342342342,0.147767176353,1.28415835664,0.00960482035586
644.414414414,0.150111625364,1.28383544704,0.00961038137776
646.486486486,0.153203719045,1.28506744865,0.00963819865998
648.558558559,0.15651441795,1.28664876606,0.00967066933098
650.630630631,0.157194254777,1.28258984052,0.00962169465962
652.702702703,0.159278178669,1.2820060138,0.0096235331701
654.774774775,0.161362102564,1.28142218707,0.00962537168041
656.846846847,0.163446026463,1.28083836034,0.00962721019043
658.918918919,0.166574437441,1.28256046761,0.00966196481392
660.990990991,0.168786132232,1.28207763381,0.00966464196093
663.063063063,0.169718046031,1.27882920462,0.00962764528927
665.135135135,0.171563327114,1.27801282436,0.00962611030134
667.207207207,0.1734086082,1.2771964441,0.00962457531314
669.279279279,0.175253889287,1.27638006383,0.00962304032476
671.351351351,0.17835702561,1.27852572685,0.00966364813887
673.423423423,0.179676903721,1.27622588864,0.00964015889672
675.495495495,0.180780353683,1.27370045819,0.00961373576776
677.567567568,0.182406202638,1.27267928248,0.00960917267647
679.63963964,0.184032051589,1.27165810676,0.00960460958483
681.711711712,0.185657900539,1.27063693103,0.00960004649309
683.783783784,0.188681927036,1.27314360388,0.00964548709802
685.855855856,0.189291233233,1.2692632522,0.00959931570521
687.927927928,0.190494921614,1.26737764043,0.00958212463764
690,0.191918133096,1.26617839554,0.00957487061205
692.072072072,0.193341344571,1.26497915063,0.00956761658601
694.144144144,0.195010803808,1.26444845484,0.00956979888543
696.216216216,0.197418473407,1.26589193493,0.00959972224459
698.288288288,0.197725395525,1.26137978202,0.00954453049892
700.36036036,0.198960802162,1.26002783701,0.00953490991825
702.432432432,0.2001962088,1.258675892,0.00952528933748
704.504504504,0.201431615437,1.25732394696,0.00951566875635
706.576576577,0.20310328953,1.25725140664,0.00952402433358
708.648648649,0.204767590257,1.25708368912,0.00953067657998
710.720720721,0.205204736698,1.25328989253,0.00948577795853
712.792792793,0.206265776804,1.25180901561,0.00947409866215
714.864864865,0.207326816912,1.25032813868,0.00946241936557
716.936936937,0.208387857024,1.24884726173,0.00945074006873
719.009009009,0.210017409497,1.24917361473,0.00946432965095
721.081081081,0.211080775764,1.24761173475,0.00945091146174
723.153153153,0.211591076573,1.24445617729,0.00941503248605
725.225225225,0.212490458045,1.2428683479,0.00940158310383
727.297297297,0.213389839522,1.24128051849,0.00938813372131
729.369369369,0.214289221001,1.23969268908,0.00937468433861
731.441441441,0.215841774904,1.24036194945,0.00939263199978
733.513513514,0.21642343133,1.23760947794,0.00936213144267
735.585585586,0.216962760767,1.23501550923,0.00933407475794
737.657657658,0.217713211417,1.23334074518,0.00931912295026
739.72972973,0.218463662079,1.2316659811,0.00930417114216
741.801801802,0.219237773533,1.23008020269,0.00929045051517
743.873873874,0.220664978704,1.23095063916,0.00931071339804
745.945945946,0.220863445878,1.22719691709,0.00926589395847
748.018018018,0.221400860172,1.22509134201,0.00924454102959
750.09009009,0.222016056161,1.22334771731,0.00922833247585
752.162162162,0.222631252172,1.22160409258,0.0092121239216
754.234234234,0.223387783568,1.22043728115,0.00920385107298
756.306306306,0.224415717432,1.2203908125,0.00921081478734
758.378378378,0.224501571907,1.21659099283,0.00916516669901
760.45045045,0.224997039091,1.2147946652,0.00914792428779
762.522522523,0.225492506283,1.21299833755,0.00913068187643
764.594594595,0.225987973498,1.21120200988,0.00911343946465
766.666666667,0.226710286953,1.21039974183,0.00910979494702
768.738738739,0.227355882199,1.20931685811,0.00910187684588
770.810810811,0.227466707516,1.20605761995,0.00906364106741
772.882882883,0.227859365196,1.20422271331,0.00904556426488
774.954954955,0.228252022894,1.20238780664,0.00902748746208
777.027027027,0.228644680612,1.20055289995,0.00900941065897
779.099099099,0.229327781179,1.20006354222,0.00900963579285
781.171171171,0.229670903381,1.19810971718,0.00898924215408
783.243243243,0.229797029625,1.19531992171,0.00895738097009
785.315315315,0.230102989804,1.1934585095,0.00893864617884
787.387387387,0.230408950011,1.19159709727,0.00891991138719
789.459459459,0.230714910233,1.18973568503,0.00890117659534
791.531531532,0.231359201079,1.18951009037,0.00890457121777
793.603603604,0.231462711608,1.18683632158,0.00887388443967
795.675675676,0.231598179046,1.18444901748,0.00884744363775
797.747747748,0.231830846635,1.18257122866,0.00882820503106
799.81981982,0.232063514268,1.1806934398,0.00880896642383
801.891891892,0.232323320174,1.17895161075,0.00879155775645
803.963963964,0.232901960883,1.17880710973,0.00879564819578
806.036036036,0.23281477591,1.17555051106,0.00875663543985
808.108108108,0.232954228428,1.17350329454,0.00873474272492
810.18018018,0.233124122494,1.17161752377,0.00871513328889
812.252252252,0.233294016607,1.16973175296,0.00869552385227
814.324324324,0.23355231439,1.16830334611,0.00868204165884
816.396396396,0.233915043996,1.16746082305,0.00867617496821
818.468468468,0.233814269233,1.16441710121,0.00863992537794
820.540540541,0.233929727642,1.1625302668,0.00862005883727
822.612612613,0.234045186067,1.16064343238,0.00860019229642
824.684684685,0.234160644531,1.15875659793,0.00858032575511
826.756756757,0.23441178135,1.15759341025,0.00857011306939
828.828828829,0.234587470535,1.156127408,0.00855538296951
830.900900901,0.234507590044,1.15345074419,0.00852408114627
832.972972973,0.234575357271,1.15156853867,0.00850405437032
835.045045045,0.234643124527,1.14968633314,0.00848402759403
837.117117117,0.234710891813,1.14780412757,0.00846400081742
839.189189189,0.2349496817,1.14686112617,0.00845645627705
841.261261261,0.234972285879,1.14488916,0.00843452974309
843.333333333,0.234906268571,1.14252242392,0.00840739441269
845.405405405,0.234931876342,1.14064953076,0.00838728984571
847.477477477,0.234957484157,1.13877663757,0.00836718527826
849.54954955,0.234983091989,1.13690374437,0.00834708071062
851.621621622,0.235205020617,1.13613921481,0.00834165690932
853.693693694,0.235102997475,1.13376743397,0.00831402557051
855.765765766,0.235044647244,1.13165859901,0.00829035162109
857.837837838,0.235032685524,1.12979887009,0.00827023952304
859.90990991,0.235020723864,1.12793914113,0.00825012742437
861.981981982,0.235031944725,1.12621365429,0.00823178812149
864.054054054,0.235200441633,1.12540625711,0.00822554476135
866.126126126,0.235007222115,1.12277895117,0.00819421084655
868.198198198,0.234951249242,1.12088087698,0.00817336478627
870.27027027,0.234905566279,1.11903747606,0.00815330504004
872.342342342,0.234859883374,1.11719407508,0.00813324529322
874.414414414,0.234869768696,1.11567966686,0.00811751901009
876.486486486,0.234914869413,1.11444227292,0.00810519574856
878.558558559,0.23472621592,1.11203137242,0.00807673925667
880.630630631,0.234650100131,1.1102068918,0.00805678272905
882.702702703,0.234573984365,1.10838241115,0.0080368262012
884.774774775,0.234497868645,1.10655793047,0.0080168696729
886.846846847,0.234501865527,1.10521640141,0.00800326104264
888.918918919,0.234444806392,1.10363991133,0.00798611594676
890.990990991,0.23426553389,1.10145444523,0.00796071012002
893.063063063,0.234161853265,1.09965100091,0.00794089979118
895.135135135,0.234058172678,1.09784755656,0.00792108946197
897.207207207,0.233954492122,1.09604411218,0.00790127913244
899.279279279,0.233949035979,1.09484059153,0.00788934176639
901.351351351,0.233807624696,1.09300676423,0.00786849533746
903.423423423,0.233633278693,1.09100553546,0.00784559113026
905.495495495,0.233504565481,1.08922484493,0.00782596309659
907.567567568,0.233375852321,1.08744415435,0.00780633506239
909.63963964,0.233247139178,1.08566346376,0.00778670702803
911.711711712,0.233229534115,1.08456625469,0.0077760404779
913.783783784,0.233018663067,1.08254843051,0.00775248711512
915.855855856,0.232845690598,1.08069435381,0.00773159453711
917.927927928,0.232694200342,1.07893779942,0.00771217893812
920,0.232542710151,1.07718124496,0.00769276333846
922.072072072,0.232408218447,1.07552928202,0.00767471903587
924.144144144,0.232345246215,1.07433927172,0.0076626671414
926.216216216,0.232091600945,1.07226888492,0.0076382133947
928.288288288,0.231917212262,1.07052865952,0.00761889668555
930.36036036,0.23174496154,1.06879734023,0.00759971854804
932.432432432,0.231572710872,1.06706602088,0.00758054040996
934.504504504,0.231434505205,1.06554254806,0.00756409019747
936.576576577,0.231302465581,1.06414471512,0.00754903727649
938.648648649,0.231051914014,1.06221979239,0.00752656324576
940.720720721,0.23086069754,1.06051456628,0.00750764323324
942.792792793,0.230669481092,1.05880934013,0.00748872322046
944.864864865,0.230478264684,1.05710411395,0.00746980320725
946.936936937,0.230334046142,1.05568086294,0.00745459315534
949.009009009,0.230144178283,1.05413773476,0.00743737135586
951.081081081,0.229896117884,1.05233527265,0.00741659864095
953.153153153,0.229687520497,1.05065679194,0.00739795367332
955.225225225,0.229478923151,1.04897831119,0.00737930870528
957.297297297,0.229270325832,1.04729983041,0.00736066373696
959.369369369,0.229118335486,1.04595123926,0.0073463780659
961.441441441,0.228880062058,1.04431877629,0.00732772311489
963.513513514,0.228632293977,1.04261012248,0.00730828128364
965.585585586,0.228407729027,1.04095886218,0.00728992501665
967.657657658,0.228183164132,1.03930760182,0.00727156874912
969.72972973,0.227958610649,1.03765640504,0.00725321332769
971.801801802,0.227797544195,1.03635935775,0.00723957049833
973.873873874,0.227518779154,1.03468751353,0.00722013051817
975.945945946,0.227269585556,1.03304698566,0.00720169145012
978.018018018,0.22703034379,1.03142326312,0.00718363464881
980.09009009,0.226791102092,1.02979954052,0.00716557784682
982.162162162,0.226563650727,1.02823760244,0.00714835210447
984.234234234,0.226367673329,1.02687526318,0.00713370749288
986.306306306,0.226069067549,1.02524353964,0.00711464073778
988.378378378,0.225816337706,1.02364753346,0.00709689161859
990.45045045,0.225563607878,1.02205152727,0.00707914249924
992.522522523,0.225310878105,1.02045552102,0.00706139337935
994.594594595,0.225079125292,1.01896026501,0.00704502209956
996.666666667,0.224842964427,1.01754043957,0.00702937348477
998.738738739,0.224545318643,1.01598086383,0.00701136437458
1000.81081081,0.224280185379,1.01441265126,0.00699392902704
1002.88288288,0.224015052146,1.01284443867,0.00697649367921
1004.95495495,0.223749918954,1.01127622604,0.00695905833097
1007.02702703,0.223512806947,1.00982728961,0.00694329684625
1009.0990991,0.223242547843,1.00839243998,0.00692718257685
1011.17117117,0.222944593434,1.00688313367,0.00690995585446
1013.24324324,0.222668041149,1.00534271466,0.00689283857076
1015.31531532,0.222391488911,1.0038022956,0.00687572128661
1017.38738739,0.2221149367,1.00226187652,0.00685860400221
1019.45945946,0.221871680053,1.00084096858,0.00684323579468
1021.53153153,0.221572497488,0.999428959269,0.00682712818366
1023.6036036,0.221273236737,0.99795032148,0.00681044077658
1025.67567568,0.220986165367,0.996437620495,0.00679364424022
1027.74774775,0.220699094062,0.994924919449,0.00677684770327
1029.81981982,0.220413575438,0.993416544708,0.00676011938179
1031.89189189,0.220162068673,0.992002939699,0.00674488535087
1033.96396396,0.21983837568,0.9906474069,0.00672919674653
1036.03603604,0.219537038208,0.989181934616,0.00671283484781
1038.10810811,0.219240274538,0.987696808697,0.00669636033341
1040.18018018,0.218943510942,0.986211682711,0.00667988581834
1042.25225225,0.218654757252,0.984741227224,0.00666368202202
1044.32432432,0.218378986076,0.983335581465,0.0066483466441
1046.3963964,0.218046992025,0.982034820815,0.00663329758793
1048.46846847,0.217741294557,0.980577068843,0.00661714515291
1050.54054054,0.217435597109,0.979119316853,0.00660099271772
1052.61261261,0.21712989972,0.977661564809,0.006584840282
1054.68468468,0.216837271823,0.976213057687,0.00656897492337
1056.75675676,0.216537280403,0.974850523197,0.0065539012621
1058.82882883,0.216204780553,0.973565096273,0.00653920270203
1060.9009009,0.215890843577,0.972134467736,0.00652337136313
1062.97297297,0.215576906637,0.970703839166,0.0065075400239
1065.04504505,0.215262969738,0.969273210557,0.0064917086843
1067.11711712,0.21496599908,0.967832309295,0.00647601758143
1069.18918919,0.21464523422,0.966541280327,0.00646154402804
1071.26126126,0.214311635815,0.965256375076,0.00644701894833
1073.33333333,0.213990093081,0.963852577912,0.00643150684076
1075.40540541,0.213668550399,0.962448780698,0.00641599473273
1077.47747748,0.213347007741,0.961044983461,0.00640048262447
1079.54954955,0.213045362752,0.959598836866,0.00638482150014
1081.62162162,0.212706780084,0.95840446987,0.00637124165522
1083.69369369,0.212371619799,0.957106890083,0.00635673510619
1085.76576577,0.212043048774,0.955729597455,0.00634153962341
1087.83783784,0.211714477813,0.95435230476,0.00632634414002
1089.90990991,0.211387672703,0.952968152186,0.0063111036209
1091.98198198,0.211079367091,0.951512133512,0.00629539129461
1094.05405405,0.210725500291,0.950436642977,0.00628295843476
1096.12612613,0.210388421872,0.94911466134,0.00626833536662
1098.1981982,0.210053349797,0.947763517471,0.00625345328027
1100.27027027,0.209718277786,0.946412373535,0.00623857119329
1102.34234234,0.209388572983,0.945029563789,0.00622344223671
1104.41441441,0.209063302258,0.943658232058,0.00620850027556
1106.48648649,0.208706493386,0.942602907224,0.00619637252079
1108.55855856,0.20836540341,0.941277532497,0.00618180008355
1110.63063063,0.208024313453,0.939952157746,0.0061672276461
1112.7027027,0.207683223543,0.938626782942,0.00615265520816
1114.77477477,0.207350334202,0.937234157164,0.0061375153289
1116.84684685,0.207010008536,0.935971940824,0.00612361019453
1118.91891892,0.206652300426,0.934893206933,0.0061113733827
1120.99099099,0.206305635673,0.933593202256,0.00609710641589
1123.06306306,0.205958970953,0.93229319754,0.00608283944871
1125.13513514,0.205612306264,0.930993192787,0.0060685724812
1127.20720721,0.205276034597,0.929580765913,0.00605331454432
1129.27927928,0.204922648231,0.928446284131,0.00604065066332
1131.35135135,0.204563758697,0.927334300965,0.00602819490797
1133.42342342,0.204211926023,0.92605925165,0.00601422887728
1135.4954955,0.203860093394,0.92478420228,0.0060002628461
1137.56756757,0.203508260781,0.923509152887,0.00598629681471
1139.63963964,0.203168480613,0.922068013181,0.00597082759583
1141.71171171,0.202803756235,0.921077639133,0.00595957944851
1143.78378378,0.202443471127,0.919923688542,0.0059468097269
1145.85585586,0.202086844985,0.918673167608,0.00593313980735
1147.92792793,0.201730218898,0.917422646601,0.00591946988714
1150,0.201375125885,0.916145871038,0.00590555837924
1152.07207207,0.201029239336,0.914715168587,0.00589023495675
1154.14414414,0.200655662802,0.913862408826,0.0058803539697
1156.21621622,0.200293824155,0.912658791887,0.00586718864381
1158.28828829,0.199932748695,0.911432362758,0.00585380977531
1160.36036036,0.199571673284,0.910205933561,0.0058404309062
1162.43243243,0.199214176184,0.908904757955,0.00582635699714
1164.5045045,0.198857260965,0.907611884333,0.0058123843732
1166.57657658,0.198482209504,0.906739753177,0.00580239405161
1168.64864865,0.198117000281,0.90553697148,0.00578930098568
1170.72072072,0.197751791078,0.904334189755,0.00577620791951
1172.79279279,0.197386581912,0.903131407978,0.00576311485289
1174.86486486,0.197026569928,0.901798141459,0.00574880067141
1176.93693694,0.196659983721,0.900656674045,0.0057363164121
1179.00900901,0.196284048942,0.899735118657,0.00572592754381
1181.08108108,0.195914995716,0.898555534265,0.00571311488525
1183.15315315,0.19554594252,0.897375949826,0.0057003022263
1185.22522523,0.19517688935,0.896196365352,0.00568748956703
1187.2972973,0.194814297287,0.894824151541,0.00567286786125
1189.36936937,0.194439218432,0.893845958092,0.00566198735667
1191.44144144,0.194062271532,0.892868594228,0.00565113532583
1193.51351351,0.193689639853,0.891711754968,0.00563859757643
1195.58558559,0.193317008217,0.890554915644,0.00562605982649
1197.65765766,0.192944376593,0.889398076301,0.00561352207638
1199.72972973,0.192579174586,0.887980825695,0.00559853521568
1201.8018018,0.192196623188,0.887176228048,0.0055893539552
1203.87387387,0.191818568124,0.886137448899,0.00557798408929
1205.94594595,0.19144260066,0.885002903379,0.0055657156848
1208.01801802,0.191066633249,0.883868357777,0.00555344727961
1210.09009009,0.190691874743,0.882684416801,0.00554071438855
1212.16216216,0.190321391211,0.881323928605,0.00552632462437
1214.23423423,0.189933710365,0.880644053341,0.00551837354037
1216.30630631,0.18955447912,0.87953895716,0.00550644010284
1218.37837838,0.189175399006,0.878426255846,0.0054944354404
1220.45045045,0.188796318935,0.877313554462,0.00548243077737
1222.52252252,0.188419640396,0.876087319501,0.00546935996287
1224.59459459,0.188041893569,0.874895945157,0.00545662675677
1226.66666667,0.187653406349,0.87416170791,0.00544821591939
1228.73873874,0.18727142022,0.873070403905,0.00543646938082
1230.81081081,0.18688943411,0.871979099866,0.00542472284197
1232.88288288,0.18650744803,0.870887795776,0.00541297630269
1234.95495495,0.186128819484,0.869614069032,0.00539952068692
1237.02702703,0.185744618997,0.868600221661,0.00538851532513
1239.0990991,0.18535539953,0.867799438726,0.00537953185479
1241.17117117,0.184970698923,0.866729088362,0.00536803782549
1243.24324324,0.184585998344,0.865658737946,0.00535654379577
1245.31531532,0.184201297783,0.864588387495,0.00534504976575
1247.38738739,0.183820713485,0.863262574979,0.00533116981384
1249.45945946,0.183430766305,0.862433478438,0.00532194886296
1251.53153153,0.183040760413,0.86156216478,0.00531235846482
1253.6036036,0.182653522727,0.860512328356,0.00530111135142
1255.67567568,0.182266285076,0.85946249186,0.00528986423743
1257.74774775,0.181879088881,0.858409733787,0.00527858993953
1259.81981982,0.181496521416,0.857030714371,0.00526427993108
1261.89189189,0.181101444408,0.856392511819,0.00525688675615
1263.96396396,0.180710617007,0.855447222328,0.00524666174936
1266.03603604,0.18032100661,0.854417464743,0.00523565599442
1268.10810811,0.179931396249,0.853387707072,0.00522465023877
1270.18018018,0.179542710252,0.852284354606,0.00521296266356
1272.25225225,0.179155795718,0.851016822077,0.0051997570763
1274.32432432,0.178757842167,0.850462082995,0.00519317781664
1276.3963964,0.178366011382,0.849451974359,0.00518240791157
1278.46846847,0.177974180605,0.848441865704,0.00517163800633
1280.54054054,0.177582349854,0.847431756979,0.00516086810053
1282.61261261,0.177192170456,0.846273932451,0.0051487362034
1284.68468468,0.176800280443,0.84519417491,0.00513733216533
1286.75675676,0.176401816306,0.844564698469,0.00513010294553
1288.82882883,0.176007906279,0.843573814627,0.00511956344148
1290.9009009,0.175613996265,0.842582930745,0.00510902393712
1292.97297297,0.175220086266,0.841592046812,0.00509848443234
1295.04504505,0.17482842514,0.840376343403,0.00508588272624
1297.11711712,0.174432052122,0.839489188383,0.00507630781699
1299.18918919,0.174033049582,0.838782248216,0.00506840967028
1301.26126126,0.173637191073,0.837810171216,0.00505809518754
1303.33333333,0.173241332579,0.836838094158,0.00504778070432
1305.40540541,0.172845474093,0.835866017066,0.00503746622085
1307.47747748,0.172452355428,0.834589458039,0.00502437423199
1309.54954955,0.17205192955,0.833898910266,0.00501664636601
1311.62162162,0.171652373058,0.83311219114,0.00500806518136
1313.69369369,0.171254687196,0.832158509629,0.00499797041715
1315.76576577,0.170857001349,0.831204828038,0.00498787565231
1317.83783784,0.170459471918,0.830231927572,0.00497760659379
1319.90990991,0.170064773706,0.828911147701,0.0049641826583
1321.98198198,0.169660670046,0.828420465754,0.00495831111824
1324.05405405,0.169260554343,0.82755202582,0.00494903713245
1326.12612613,0.168861153323,0.826616335349,0.00493915686743
1328.1981982,0.168461752316,0.82568064479,0.00492927660171
1330.27027027,0.168063071427,0.82464766522,0.00491851942359
1332.34234234,0.167664895837,0.823483936905,0.0049065881118
1334.41441441,0.167259314528,0.823017389325,0.00490096457997
1336.48648649,0.166858302242,0.822099292613,0.00489129368373
1338.55855856,0.166457289959,0.821181195876,0.00488162278729
1340.63063063,0.166056277685,0.820263099069,0.0048719518903
1342.7027027,0.165656466644,0.819167576557,0.00486069194258
1344.77477477,0.165254727164,0.818201618207,0.00485060272709
1346.84684685,0.164848798415,0.817652468091,0.00484427010201
1348.91891892,0.164446271056,0.816751575113,0.00483480353704
1350.99099099,0.164043743704,0.815850682089,0.00482533697169
1353.06306306,0.163641216359,0.814949789014,0.00481587040596
1355.13513514,0.16324030417,0.813789594661,0.00480409680533
1357.20720721,0.162835298237,0.813023767997,0.00479584885672
1359.27927928,0.162429018155,0.812390572605,0.00478880313823
1361.35135135,0.162025065111,0.811506500637,0.00477953596329
1363.42342342,0.161621112077,0.810622428601,0.00477026878782
1365.4954955,0.161217159047,0.809738356534,0.00476100161212
1367.56756757,0.160815181792,0.808511666418,0.00474870686187
1369.63963964,0.160407169228,0.807947766984,0.00474229311052
1371.71171171,0.160000541485,0.807229366706,0.00473453345114
1373.78378378,0.159595246115,0.806361740512,0.00472546082402
1375.85585586,0.15918995076,0.805494114229,0.00471638819621
1377.92792793,0.158784856131,0.804589137106,0.00470698782532
1380,0.158381655341,0.803331756434,0.00469449521264
1382.07207207,0.15797086225,0.802971068517,0.00468990305098
1384.14414414,0.15756389631,0.80216656062,0.00468143141195
1386.21621622,0.157157336006,0.801315012766,0.00467254859169
1388.28828829,0.156750775715,0.80046346482,0.00466366577074
1390.36036036,0.156344818529,0.799492275765,0.00465374067598
1392.43243243,0.155938719507,0.798435669202,0.00464307854079
1394.5045045,0.1555273236,0.798035742115,0.00463816566812
1396.57657658,0.155119569988,0.797199913158,0.00462946801691
1398.64864865,0.15471181638,0.796364084169,0.00462077036546
1400.72072072,0.154304062777,0.79552825511,0.00461207271347
1402.79279279,0.153897275556,0.794489397077,0.00460161935164
1404.86486486,0.153488482247,0.793634671376,0.00459277322033
1406.93693694,0.153076893183,0.793147694069,0.00458713191441
1409.00900901,0.152668012756,0.79232723252,0.00457861489799
1411.08108108,0.15225913233,0.791506770917,0.00457009788117
1413.15315315,0.151850251904,0.790686309264,0.00456158086396
1415.22522523,0.151442671222,0.789578564112,0.0045505982136
1417.2972973,0.151031360704,0.788926398577,0.00454354916583
1419.36936937,0.150619587193,0.788351813932,0.00453718514066
1421.44144144,0.150209641753,0.787546376239,0.00452884432896
1423.51351351,0.149799696309,0.78674093847,0.00452050351667
1425.58558559,0.149389750864,0.785935500672,0.00451216270418
1427.65765766,0.148981416452,0.784757868648,0.00450065200302
1429.72972973,0.148567742081,0.784308555193,0.00449537719173
1431.8018018,0.148155796566,0.783646000267,0.00448829816077
1433.87387387,0.147744843562,0.782855250717,0.0044801292277
1435.94594595,0.14733389055,0.782064501066,0.00447196029387
1438.01801802,0.146923170719,0.781217801742,0.00446331857337
1440.09009009,0.146513615432,0.780064842516,0.00445209069134
1442.16216216,0.146097985772,0.779778912166,0.00444822898887
1444.23423423,0.145685883752,0.779028200001,0.00444044443288
1446.30630631,0.145273976618,0.778251810596,0.00443244315576
1448.37837838,0.144862069476,0.777475421099,0.00442444187795
1450.45045045,0.144450728621,0.776558788052,0.00441526493619
1452.52252252,0.144038889307,0.775608039184,0.00440581292188
1454.59459459,0.143622996542,0.775258757362,0.00440143579778
1456.66666667,0.143210185024,0.774496407777,0.00439359805706
1458.73873874,0.142797373502,0.773734058153,0.00438576031605
1460.81081081,0.142384561973,0.772971708458,0.00437792257453
1462.88288288,0.141972635762,0.771984405888,0.00436821429748
1464.95495495,0.141558631506,0.771235692721,0.00436051078479
1467.02702703,0.141142682239,0.770797287919,0.00435541199359
1469.0990991,0.14072901268,0.770048665288,0.00434773377115
1471.17117117,0.140315343114,0.769300042593,0.00434005554826
1473.24324324,0.139901673541,0.768551419851,0.00433237732501
1475.31531532,0.139489199546,0.767492881656,0.00432214325369
1477.38738739,0.139073133015,0.766945737663,0.00431615815669
1479.45945946,0.138657141382,0.766418261737,0.00431034956659
1481.53153153,0.138242657002,0.765683060599,0.00430282694503
1483.6036036,0.13782817261,0.764947859374,0.00429530432282
1485.67567568,0.137413688214,0.764212658123,0.00428778170044
1487.74774775,0.137000705489,0.763082472886,0.00427702884793
1489.81981982,0.136582664819,0.762736168434,0.00427272971355
1491.89189189,0.13616664698,0.762119805285,0.00426622441237
1493.96396396,0.135751388127,0.761397727447,0.00425885357348
1496.03603604,0.135336129256,0.760675649496,0.00425148273378
1498.10810811,0.134921149726,0.75987938844,0.00424351035039
1500.18018018,0.134506922365,0.75882998778,0.00423348970654
1502.25225225,0.134087479521,0.758605037478,0.0042302009066
1504.32432432,0.133671453299,0.757900090098,0.0042230130447
1506.3963964,0.133255457669,0.757190844484,0.00421579026785
1508.46846847,0.132839462024,0.756481598775,0.00420856749032
1510.54054054,0.132424061892,0.75561341771,0.00420006698631
1512.61261261,0.132007921616,0.754764597454,0.00419173771998
1514.68468468,0.131588494538,0.754454029408,0.00418777092534
1516.75675676,0.131171797396,0.753757332013,0.00418069258645
1518.82882883,0.130755100248,0.753060634571,0.00417361424722
1520.9009009,0.130338403089,0.752363937059,0.00416653590749
1522.97297297,0.12992261807,0.751423612133,0.0041575160267
1525.04504505,0.129504631707,0.750774332732,0.00415084309521
1527.11711712,0.12908526609,0.750374216725,0.0041461781908
1529.18918919,0.128667900433,0.749689790345,0.00413924075966
1531.26126126,0.128250534766,0.749005363892,0.00413230332801
1533.33333333,0.127833169093,0.748320937393,0.00412536589602
1535.40540541,0.127417035674,0.747308364135,0.00411583643401
1537.47747748,0.126997259866,0.746857390956,0.00411078324149
1539.54954955,0.12657797218,0.74636819282,0.00410543583581
1541.62162162,0.126159968992,0.745695766976,0.00409863587494
1543.69369369,0.125741965787,0.745023341034,0.00409183591336
1545.76576577,0.125323989491,0.744343794121,0.00408498020609
1547.83783784,0.124907517923,0.74326609741,0.00407500762894
1549.90990991,0.124486000507,0.743012021176,0.00407153626399
1551.98198198,0.124066808555,0.742434294553,0.00406552265783
1554.05405405,0.123648197092,0.741773605318,0.00405885682038
1556.12612613,0.123229585602,0.741112915965,0.00405219098208
1558.1981982,0.122811323496,0.740360656478,0.0040448147891
1560.27027027,0.122393546347,0.73941141815,0.00403591834616
1562.34234234,0.121971152069,0.739220109718,0.00403295299412
1564.41441441,0.121551959966,0.738570899605,0.00402641802207
1566.48648649,0.121132767854,0.737921689463,0.00401988304982
1568.55855856,0.120713575714,0.737272479226,0.00401334807691
1570.63063063,0.120295062264,0.736447551611,0.00400546248001
1572.7027027,0.119875593075,0.735695235026,0.00399815589006
1574.77477477,0.11945334695,0.735414407997,0.00399450912742
1576.84684685,0.11903360023,0.734776425826,0.00398810184947
1578.91891892,0.118613853489,0.734138443599,0.00398169457112
1580.99099099,0.118194106723,0.733500461303,0.00397528729229
1583.06306306,0.117775376831,0.732603001404,0.0039669041032
1585.13513514,0.117354250451,0.732045997938,0.00396114814849
1587.20720721,0.11693216946,0.7316763298,0.00395683727464
1589.27927928,0.116511892681,0.731049330595,0.00395055460425
1591.35135135,0.116091615865,0.730422331308,0.00394427193327
1593.42342342,0.115671339031,0.729795331976,0.00393798926198
1595.4954955,0.115252427886,0.728825558653,0.00392912092618
1597.56756757,0.114829672974,0.728462133446,0.00392487561781
1599.63963964,0.114407774922,0.728004365239,0.00391991834802
1601.71171171,0.113986991352,0.727388110096,0.0039137572814
1603.78378378,0.113566207725,0.726771854842,0.00390759621401
1605.85585586,0.113145523432,0.726131115622,0.00390125221343
1607.92792793,0.112726367063,0.725113806982,0.00389209465548
1610,0.112302006911,0.724942113242,0.00388931939244
1612.07207207,0.111880310317,0.724397042534,0.00388373377991
1614.14414414,0.111459042059,0.723791298471,0.00387769139396
1616.21621622,0.111037773729,0.723185554287,0.00387164900716
1618.28828829,0.1106169517,0.722471953107,0.00386480852487
1620.36036036,0.110196399681,0.721618017552,0.00385694147716
1622.43243243,0.109771646978,0.721448387268,0.0038541920596
1624.5045045,0.109349915113,0.720852927118,0.00384826551012
1626.57657658,0.108928183225,0.720257466932,0.00384233896038
1628.64864865,0.108506451277,0.71966200665,0.00383641240997
1630.72072072,0.1080855249,0.718875867211,0.00382908867164
1632.79279279,0.107663409383,0.718213897426,0.00382270143243
1634.86486486,0.107238897478,0.717956018494,0.00381930945385
1636.93693694,0.106816722155,0.717370620705,0.00381349597316
1639.00900901,0.10639454679,0.716785222851,0.00380768249202
1641.08108108,0.105972371378,0.716199824928,0.0038018690104
1643.15315315,0.105551374163,0.715341534022,0.00379407565253
1645.22522523,0.105127710834,0.714869560646,0.00378912716027
1647.2972973,0.104703457833,0.714524311831,0.0037851111904
1649.36936937,0.104280858374,0.713948760355,0.00377940808563
1651.44144144,0.103858258854,0.713373208784,0.0037737049802
1653.51351351,0.103435659306,0.712797657172,0.00376800187449
1655.58558559,0.103014624751,0.711867658552,0.00375975287816
1657.65765766,0.102589425859,0.711583633823,0.00375620182095
1659.72972973,0.102165450368,0.711151933402,0.00375158058258
1661.8018018,0.101742445333,0.710586017544,0.0037459852336
1663.87387387,0.101319440223,0.710020101561,0.00374038988377
1665.94594595,0.100896621212,0.70941299123,0.0037345016355
1668.01801802,0.100475349152,0.708460403799,0.0037261576333
1670.09009009,0.100048671401,0.708354782183,0.00372390908536
1672.16216216,0.0996249924231,0.707837582982,0.00371870140266
1674.23423423,0.099201599679,0.707281097243,0.00371321126007
1676.30630631,0.098778206863,0.70672461138,0.00370772111663
1678.37837838,0.0983553825322,0.706045195745,0.00370136585543
1680.45045045,0.0979326141664,0.705280960274,0.00369443006867
1682.52252252,0.0975059600456,0.705127249094,0.00369184528593
1684.59459459,0.0970821968952,0.704579993098,0.00368645786954
1686.66666667,0.0966584337172,0.704032737057,0.00368107045285
1688.73873874,0.0962346704809,0.70348548092,0.00367568303549
1690.81081081,0.0958118729126,0.70273427604,0.003668875171
1692.88288288,0.0953876155245,0.702156259663,0.00366330621776
1694.95495495,0.094961289697,0.7019161499,0.00366012174021
1697.02702703,0.0945371729174,0.701377928165,0.00365483463654
1699.0990991,0.0941130560863,0.700839706354,0.00364954753234
1701.17117117,0.0936889392095,0.700301484476,0.00364426042768
1703.24324324,0.0932662003719,0.699479048732,0.00363701456087
1705.31531532,0.092840459181,0.69908506633,0.00363277107439
1707.38738739,0.0924144805036,0.698759561761,0.00362900591857
1709.45945946,0.0919900264426,0.69823018363,0.00362381677938
1711.53153153,0.0915655723036,0.697700805392,0.00361862763945
1713.6036036,0.091141118137,0.697171427116,0.00361343849927
1715.67567568,0.0907184698075,0.696278356736,0.00360576937721
1717.74774775,0.0902912482694,0.696066178803,0.00360281008222
1719.81981982,0.0898656359574,0.695656305642,0.00359848324402
1721.89189189,0.0894408605568,0.695135585138,0.00359338978444
1723.96396396,0.0890160850547,0.694614864496,0.00358829632392
1726.03603604,0.0885915995162,0.694037113687,0.00358281814541
1728.10810811,0.0881684914343,0.693174378097,0.00357542169794
1730.18018018,0.0877400832137,0.693098428634,0.00357340911934
1732.25225225,0.0873148568111,0.692605232006,0.00356853954047
1734.32432432,0.0868897756442,0.692092987682,0.00356353953705
1736.3963964,0.0864646943864,0.691580743234,0.00355853953278
1738.46846847,0.0860403251064,0.690931735247,0.00355262693891
1740.54054054,0.0856157724401,0.690251304391,0.0035465259787
1742.61261261,0.0851876131208,0.690109165084,0.00354406973178
1744.68468468,0.0847622415397,0.689605219989,0.0035391610214
1746.75675676,0.0843368699167,0.68910127484,0.00353425231065
1748.82882883,0.0839114982208,0.688597329595,0.00352934359925
1750.9009009,0.0834872759324,0.687877709077,0.00352301152346
1752.97297297,0.083061279606,0.687377310587,0.00351816511308
1755.04504505,0.0826335337738,0.687150995176,0.00351515380163
1757.11711712,0.0822078868325,0.686655176596,0.00351033427884
1759.18918919,0.081782239818,0.686159357928,0.00350551475546
1761.26126126,0.0813565927491,0.685663539196,0.00350069523164
1763.33333333,0.0809325478775,0.684873977931,0.00349395864958
1765.40540541,0.0805051076938,0.684551313571,0.00349032611341
1767.47747748,0.0800777950378,0.684241896508,0.00348677865644
1769.54954955,0.0796518875436,0.683754035942,0.00348204627244
1771.62162162,0.079225979939,0.683266175255,0.00347731388762
1773.69369369,0.0788000723038,0.682778314535,0.00347258150257
1775.76576577,0.0783762348271,0.681919508203,0.00346545540168
1777.83783784,0.0779473495349,0.681772259448,0.00346299637415
1779.90990991,0.0775204900964,0.681380825513,0.00345893155788
1781.98198198,0.077094336609,0.680900758545,0.00345428431868
1784.05405405,0.0766681829681,0.680420691422,0.00344963707844
1786.12612613,0.0762424396232,0.679868743718,0.00344453126583
1788.1981982,0.0758178768117,0.679090227286,0.00343798825367
1790.27027027,0.0753880960851,0.679039122622,0.00343616365876
1792.34234234,0.0749617103295,0.678566764456,0.00343160011547
1794.41441441,0.0745353251493,0.678094330614,0.00342703608014
1796.48648649,0.0741089398325,0.677621896645,0.00342247204395
1798.55855856,0.0736834263461,0.677000073522,0.00341696592663
1800.63063063,0.0732574517978,0.676397539883,0.00341160793345
1802.7027027,0.0728281480771,0.676263677967,0.00340925499646
1804.77477477,0.072401545369,0.675798720746,0.00340477227635
1806.84684685,0.0719749425853,0.675333763459,0.00340028955579
1808.91891892,0.0715483396922,0.674868806077,0.0033958068346
1810.99099099,0.0711230847788,0.674177834321,0.00338991542139
1813.06306306,0.0706956952943,0.673748951627,0.00338570267158
1815.13513514,0.0702668893351,0.673533359701,0.00338283955912
1817.20720721,0.0698400828966,0.673075726266,0.0033784363151
1819.27927928,0.0694132763388,0.67261809273,0.00337403307041
1821.35135135,0.0689864697071,0.672160459133,0.00336962982529
1823.42342342,0.0685615013312,0.6714010818,0.00336336806698
1825.4954955,0.0681326926004,0.671143510767,0.0033602612002
1827.56756757,0.067704405039,0.670847295478,0.00335690638221
1829.63963964,0.0672774084254,0.670396836688,0.00335258082403
1831.71171171,0.0668504116487,0.669946377762,0.00334825526494
1833.78378378,0.0664234747807,0.669486280869,0.00334387105211
1835.85585586,0.0659987600839,0.668668892914,0.0033373124749
1837.92792793,0.0655685265644,0.668580290629,0.00333527257552
1840,0.0651407786683,0.668204560526,0.00333144431894
1842.07207207,0.0647136051233,0.667761130792,0.00332719470354
1844.14414414,0.0642864313835,0.667317700897,0.00332294508707
1846.21621622,0.0638598015198,0.666788564131,0.00331818019132
1848.28828829,0.0634341112107,0.666088606259,0.0033124009051
1850.36036036,0.0630034285762,0.666040795407,0.0033106178925
1852.43243243,0.062576091028,0.665604252611,0.00330644252275
1854.5045045,0.06214875343,0.665167709775,0.00330226715273
1856.57657658,0.0617214156775,0.66473116681,0.00329809178184
1858.64864865,0.0612951188075,0.664133755569,0.00329296109511
1860.72072072,0.0608680331742,0.663603377808,0.00328826028081
1862.79279279,0.0604379090132,0.663475286006,0.00328599321511
1864.86486486,0.0600104200225,0.663045491365,0.00328189043819
1866.93693694,0.05958293094,0.662615696646,0.00327778766075
1869.00900901,0.0591554417465,0.662185901834,0.00327368488267
1871.08108108,0.0587295026117,0.661520991758,0.00326820318743
1873.15315315,0.0583010127538,0.661157857731,0.0032645426676
1875.22522523,0.0578714686508,0.660950599627,0.00326180958573
1877.2972973,0.0574438404636,0.660527417612,0.00325777779193
1879.36936937,0.0570162121434,0.660104235483,0.00325374599737
1881.44144144,0.056588583755,0.659681053295,0.0032497142024
1883.51351351,0.0561630257046,0.658949428445,0.00324389615726
1885.58558559,0.0557331205789,0.658751206878,0.00324123826027
1887.65765766,0.0553041795898,0.658465894476,0.00323805696267
1889.72972973,0.0548764241781,0.658049192708,0.00323409458404
1891.8018018,0.0544486685879,0.657632490788,0.00323013220439
1893.87387387,0.0540210825107,0.657190958554,0.00322602785733
1895.94594595,0.0535957577539,0.656418240024,0.00322002995149
1898.01801802,0.0531644236645,0.656382607349,0.00321833752778
1900.09009009,0.0527361109653,0.65602034872,0.00321472557025
1902.16216216,0.0523082401088,0.65560999785,0.00321083107921
1904.23423423,0.0518803690564,0.655199646815,0.00320693658707
1906.30630631,0.0514531815968,0.654690780615,0.00320248609527
1908.37837838,0.0510266285455,0.654063860834,0.00319738655473
1910.45045045,0.0505953040563,0.654017286145,0.00319563398195
1912.52252252,0.0501673296427,0.653613159805,0.00319180589032
1914.59459459,0.049739355166,0.653209033414,0.00318797779835
1916.66666667,0.0493113805325,0.652804906895,0.00318414970551
1918.73873874,0.0488846124019,0.652229502863,0.003179367584
1920.81081081,0.0484566540197,0.65176580969,0.00317524485617
1922.88288288,0.0480259674298,0.651641569148,0.00317305179648
1924.95495495,0.0475979017791,0.651243543765,0.00316928865369
1927.02702703,0.0471698360139,0.650845518291,0.0031655255103
1929.0990991,0.0467417701324,0.650447492726,0.00316176236629
1931.17117117,0.046315440638,0.649806351008,0.00315666297338
1933.24324324,0.0458860575743,0.649503580551,0.00315348072348
1935.31531532,0.0454560392407,0.649302779763,0.00315086443956
1937.38738739,0.0450278958432,0.648910734496,0.00314716483171
1939.45945946,0.0445997522725,0.648518689098,0.00314346522299
1941.53153153,0.0441716086292,0.648126643646,0.00313976561391
1943.6036036,0.0437457359013,0.64742056707,0.00313436314234
1945.67567568,0.0433149051856,0.647276428947,0.00313208558781
1947.74774775,0.0428855928872,0.647000166383,0.00312906307923
1949.81981982,0.0424573874523,0.646613982993,0.0031254256277
1951.89189189,0.042029181784,0.646227799431,0.00312178817504
1953.96396396,0.0416012616115,0.645802557814,0.00311794180731
1956.03603604,0.0411754644732,0.645084115842,0.00311252884147
1958.10810811,0.0407432726721,0.645083627716,0.0031110511089
1960.18018018,0.0403147154301,0.644732993801,0.00310763910818
1962.25225225,0.0398864675201,0.644352556497,0.00310406246817
1964.32432432,0.0394582193867,0.643972119026,0.00310048582704
1966.3963964,0.0390307850659,0.643481341962,0.00309632713717
1968.46846847,0.0386035733421,0.642922171725,0.00309182964925
1970.54054054,0.0381717837315,0.64287534692,0.00309010127511
1972.61261261,0.037743519476,0.642500542307,0.00308658413483
1974.68468468,0.0373152551389,0.642125737631,0.00308306699413
1976.75675676,0.0368869906366,0.641750932825,0.00307954985257
1978.82882883,0.0364600678358,0.641195427342,0.00307509283369
1980.9009009,0.0360314199783,0.64079326365,0.00307147587508
1982.97297297,0.0356004064745,0.640671389891,0.00306934889551
1985.04504505,0.0351721621171,0.640302106668,0.00306588997384
1987.11711712,0.0347439176305,0.639932823341,0.00306243105148
1989.18918919,0.0343156730334,0.639563539923,0.00305897212852
1991.26126126,0.0338892929834,0.63894411235,0.00305423058751
1993.33333333,0.0334591888478,0.63869670749,0.00305145977471
1995.40540541,0.0330290448441,0.638500866092,0.00304895059051
1997.47747748,0.0326008731079,0.638136994951,0.00304554863601
1999.54954955,0.0321727012005,0.637773123663,0.00304214668054
2001.62162162,0.0317445292355,0.637409252324,0.00303874472473
2003.69369369,0.0313187345112,0.636726707245,0.0030337322765
2005.76576577,0.0308871614921,0.636631831997,0.00303177379256
2007.83783784,0.0304580242826,0.636363093719,0.00302889852794
2009.90990991,0.0300300019747,0.636004527096,0.00302555231695
2011.98198198,0.0296019794634,0.635645960282,0.00302220610469
2014.05405405,0.0291743457494,0.635235061233,0.00301859928039
2016.12612613,0.0287483740045,0.634585449191,0.00301380970426
2018.1981982,0.0283157614806,0.634597977127,0.00301241054909
2020.27027027,0.0278878374363,0.634257401417,0.0030091850499
2022.34234234,0.0274600832165,0.633904033159,0.00300589338427
2024.41441441,0.0270323288274,0.633550664731,0.00300260171752
2026.48648649,0.0266054691643,0.633076065295,0.00299871527057
2028.55855856,0.0261782169137,0.632579618998,0.00299474843473
2030.63063063,0.0257465948694,0.632531400848,0.00299304095204
2032.7027027,0.0253192750563,0.63218312603,0.00298980265787
2034.77477477,0.0248919551656,0.631834851136,0.0029865643632
2036.84684685,0.0244646351451,0.631486576112,0.00298332606767
2038.91891892,0.0240386818605,0.63094907773,0.0029791733697
2040.99099099,0.0236102137291,0.630603596518,0.00297599628364
2043.06306306,0.0231800864331,0.630482895993,0.00297393007362
2045.13513514,0.022753496391,0.630139610146,0.00297074399667
2047.20720721,0.0223269062221,0.629796324177,0.00296755791892
2049.27927928,0.0219003159623,0.62945303812,0.00296437184059
2051.35135135,0.0214755761133,0.628853436911,0.00295996605297
2053.42342342,0.0210461731956,0.628656738907,0.00295754628194
2055.4954955,0.0206180750845,0.628464598775,0.00295513682564
2057.56756757,0.0201925111402,0.628126197783,0.00295200183054
2059.63963964,0.0197669470208,0.627787796622,0.00294886683433
2061.71171171,0.0193413828553,0.627449395418,0.00294573183783
2063.78378378,0.0189178931049,0.626788481973,0.00294108591025
2065.85585586,0.0184875500017,0.626738404767,0.00293939157388
2067.92792793,0.0180624754978,0.626475853424,0.00293665406465
2070,0.0176389199779,0.626142231838,0.0029335690259
