x,U_0,U_1,U_2
0,7.9994015519,0,0
2.07207207207,7.99976197357,8.37796530415e-11,0.000282992132238
4.14414414414,7.99978847893,3.53260643314e-05,0.000579790439957
6.21621621622,7.99977959291,6.62424438125e-05,0.000878052047519
8.28828828829,7.99977070688,2.71724648547e-05,0.0011763136539
10.3603603604,7.99964772171,-3.28007769977e-07,0.00147088924434
12.4324324324,7.99937872897,-9.56205774116e-07,0.00175708189892
14.5045045045,7.99950634284,4.51880426655e-06,0.00204530578281
16.5765765766,7.99933682062,4.45519036588e-05,0.00234844939723
18.6486486486,7.9991672984,5.95208441444e-05,0.00265159301138
20.7207207207,7.99899777618,1.94878803627e-05,0.00295473662492
22.7927927928,7.9986542817,-1.12242318562e-06,0.00325189813122
24.8648648649,7.99837285973,-1.48394098965e-06,0.00354362641217
26.9369369369,7.99830147579,1.35927492376e-05,0.00384184547773
29.009009009,7.99800449063,5.58612574481e-05,0.00415305043598
31.0810810811,7.99770750547,5.40235697461e-05,0.00446425539395
33.1531531532,7.99741052032,1.17552024578e-05,0.00477546035168
35.2252252252,7.99686794428,-2.42517563894e-06,0.00507836938745
37.2972972973,7.99656600981,-1.57753988409e-06,0.00537878113846
39.3693693694,7.99629012887,2.4359124028e-05,0.00569136223
41.4414414414,7.99585996165,7.02951255493e-05,0.00601435450719
43.5135135135,7.99542979442,4.9124729013e-05,0.00633734678401
45.5855855856,7.9949996272,3.18887605082e-06,0.00666033906069
47.6576576577,7.99425324948,-4.30139983617e-06,0.00697254887451
49.7297297297,7.99391972057,-1.20532911905e-06,0.00728516559211
51.8018018018,7.99343045569,3.78716885666e-05,0.00761715157023
53.8738738739,7.99285566002,8.91199327674e-05,0.00795589546587
55.9459459459,7.99228086435,4.41107502106e-05,0.00829463936099
58.018018018,7.99165836517,-8.34457683043e-07,0.00863168057136
60.0900900901,7.99076310293,-6.31682915646e-06,0.00895825789641
62.1621621622,7.99035097124,-3.12162253141e-07,0.00928606071731
64.2342342342,7.98962814983,5.55536715895e-05,0.0096428614675
66.3063063063,7.98888816413,9.684288286e-05,0.0100012642302
68.3783783784,7.98814817843,3.82225900102e-05,0.0103596669924
70.4504504505,7.98728787363,-2.61885905494e-06,0.0107132545486
72.5225225225,7.98632336539,-6.35231195996e-06,0.0110579125564
74.5945945946,7.98566697006,1.07394972885e-05,0.0114086036638
76.6666666667,7.98473344363,7.9414695152e-05,0.0117903813712
78.7387387387,7.9837999172,9.91215490503e-05,0.0121721590784
80.8108108108,7.98286639077,3.04465138405e-05,0.0125539367853
82.8828828829,7.98173857263,-5.13985412304e-06,0.0129263776725
84.954954955,7.98066215909,-5.8627529792e-06,0.0132906227101
87.027027027,7.97970630895,3.00525701195e-05,0.0136705208426
89.0990990991,7.97854075864,0.000112371241675,0.0140791950852
91.1711711712,7.97737520834,0.000101634117378,0.0144878693274
93.2432432432,7.97620965804,1.93156116573e-05,0.0148965435694
95.3153153153,7.97477413671,-8.53100814174e-06,0.0152887334467
97.3873873874,7.97352454737,-4.74947192141e-06,0.0156723186902
99.4594594595,7.97221573757,5.78815922418e-05,0.0160868758274
101.531531532,7.97076441402,0.0001587611303,0.0165257465084
103.603603604,7.96931309047,0.000103496818259,0.0169646171889
105.675675676,7.96786176692,2.61744888607e-06,0.0174034878693
107.747747748,7.96606198392,-1.29474139069e-05,0.0178141632063
109.81981982,7.96454932881,-2.88870360686e-06,0.018214103424
111.891891892,7.96281185332,9.88992268299e-05,0.0186701235574
113.963963964,7.96100043739,0.000225294203739,0.0191421227632
116.036036036,7.95918902147,0.000103295742067,0.0196141219684
118.108108108,7.95731130512,-2.8647704144e-06,0.0200787431083
120.18018018,7.95515871362,-1.58316759761e-05,0.0205085591059
122.252252252,7.95323230786,-1.34704778497e-07,0.0209192734764
124.324324324,7.95095582924,0.000160355548808,0.0214262838538
126.396396396,7.94867621584,0.000260241363246,0.0219341565295
128.468468468,7.94639660243,9.84547074002e-05,0.0224420292046
130.540540541,7.94397077351,-7.19083129312e-06,0.0229274199197
132.612612613,7.94135289596,-1.47028959567e-05,0.0233673929857
134.684684685,7.9387477612,4.23743509676e-05,0.0238084640512
136.756756757,7.93585759111,0.000254410894679,0.024353836703
138.828828829,7.93296742102,0.000296818272975,0.0248992093544
140.900900901,7.93007725093,8.47819031459e-05,0.0254445820053
142.972972973,7.92696392804,-1.2819627101e-05,0.0259392510514
145.045045045,7.92366761757,-1.26337246411e-05,0.026371553531
147.117117117,7.92016530296,0.000115659201852,0.0268489942506
149.189189189,7.91641356755,0.00039876575112,0.0274324703984
151.261261261,7.91266183215,0.000337220954432,0.0280159465457
153.333333333,7.90891009674,5.41145782011e-05,0.0285994226925
155.405405405,7.90481305584,-2.00761427691e-05,0.0290821847506
157.477477477,7.90038850472,-9.49749369251e-06,0.0294791155173
159.54954955,7.89567079192,0.000241028507151,0.0300085028194
161.621621622,7.89083264207,0.000631530448174,0.0306355212625
163.693693694,7.88599449223,0.000383646742326,0.0312625397049
165.765765766,7.88115078136,-5.03695574632e-07,0.0318862718222
167.837837838,7.87599613972,-2.95351602879e-05,0.0323262574019
169.90990991,7.87013540011,-5.04760594235e-06,0.0326474742194
171.981981982,7.86368795639,0.000455897248675,0.033205624526
174.054054054,7.85709058808,0.000979085513524,0.0338185586018
176.126126126,7.84904129933,0.000427098100728,0.034532854753
178.198198198,7.84065341382,6.97645822181e-09,0.0351457813902
180.27027027,7.83139991365,7.1110025581e-09,0.0354441444616
182.342342342,7.8240946787,7.21745402993e-09,0.0359563495902
184.414414414,7.81707004601,7.32005508932e-09,0.0363375187501
186.486486486,7.80979826091,7.42459615131e-09,0.0364354006045
188.558558559,7.79987094633,7.56064743065e-09,0.0365503237581
190.630630631,7.78995403945,7.69532744585e-09,0.037134037595
192.702702703,7.77942008831,7.82995542042e-09,0.03769015391
194.774774775,7.76768369194,7.96448198246e-09,0.0381924904388
196.846846847,7.7559495542,8.09989229745e-09,0.0383289455797
198.918918919,7.74321024125,8.23478096919e-09,0.0380157015948
200.990990991,7.72920297611,8.36741302193e-09,0.0378253718348
203.063063063,7.71518795229,8.4988166215e-09,0.0381886630689
205.135135135,7.69964405326,8.62849166954e-09,0.0384455323809
207.207207207,7.68283822547,8.75674003247e-09,0.0386145613761
209.279279279,7.66605077278,8.88663611512e-09,0.0379862080747
211.351351351,7.64705953726,9.01491642713e-09,0.0367818196813
213.423423423,7.62685491807,9.14060974588e-09,0.0361465753651
215.495495495,7.60662260223,9.26516334461e-09,0.0360959405113
217.567567568,7.58323108212,9.38608004624e-09,0.0358991447006
219.63963964,7.5588228066,9.50582625226e-09,0.035655308582
221.711711712,7.53453810802,9.62820998976e-09,0.0338894642073
223.783783784,7.50594375558,9.74469427497e-09,0.0316538465018
225.855855856,7.47652747909,9.85829825851e-09,0.0308152815742
227.927927928,7.44707296235,9.97131643251e-09,0.0304256849926
230,7.41182575831,1.00753365084e-08,0.0299596344848
232.072072072,7.37639177994,1.01793415237e-08,0.0291133915645
234.144144144,7.3405421946,1.02840610238e-08,0.0263243863886
236.216216216,7.29765100852,1.03774688489e-08,0.0230245850645
238.288288288,7.25477150221,1.04695719915e-08,0.0223113144898
240.36036036,7.21079056186,1.05585441629e-08,0.0217087776936
242.432432432,7.16157631322,1.06328108859e-08,0.0213008105034
244.504504505,7.11236386521,1.07073802468e-08,0.0197853486438
246.576576577,7.05816336228,1.07793867627e-08,0.0163646564465
248.648648649,6.99108595682,1.08433776026e-08,0.0133623156605
250.720720721,6.92431634209,1.09071222203e-08,0.0128421181998
252.792792793,6.86907922127,1.09648976455e-08,0.0120531167067
254.864864865,6.83245135199,1.10130407301e-08,0.0108303632522
256.936936937,6.79548080812,1.10613281467e-08,0.00805000662434
259.009009009,6.73507131244,1.10868987563e-08,0.00516663490921
261.081081081,6.65032852359,1.10883519059e-08,0.00398592038147
263.153153153,6.56574585641,1.1089688581e-08,0.00379588272493
265.225225225,6.44237179118,1.10880716947e-08,0.00377739832292
267.297297297,6.29218602437,1.10844133761e-08,0.0038774874939
269.369369369,6.14152434681,1.10791188613e-08,0.00367306812067
271.441441441,6.07090526115,1.108665836e-08,0.00337590814686
273.513513514,6.03556996799,1.11022511949e-08,0.0025618433963
275.585585586,6.00037498338,1.11193451013e-08,0.0014065713942
277.657657658,5.96966851761,1.11189765093e-08,0.000809153862046
279.72972973,5.9400840889,1.11142419481e-08,0.00035155039443
281.801801802,5.90998367417,1.11075886306e-08,0.00184553022286
283.873873874,5.81929077313,1.10856653918e-08,0.00501932271235
285.945945946,5.72240329529,1.10633931064e-08,0.00630395731243
288.018018018,5.62585674998,1.10415922882e-08,0.00709766115921
290.09009009,5.56239213321,1.10393639281e-08,0.00772770586167
292.162162162,5.49905006011,1.10365694031e-08,0.00894971229954
294.234234234,5.43831906938,1.10361567443e-08,0.0123842999099
296.306306306,5.39443064973,1.10712891472e-08,0.0155383680129
298.378378378,5.3503898412,1.11081464275e-08,0.0158922721957
300.45045045,5.30686795585,1.11543866099e-08,0.0162712579556
302.522522523,5.26521419397,1.1234405601e-08,0.0167405373929
304.594594595,5.22352870833,1.13141094829e-08,0.0183255586028
306.666666667,5.18384033452,1.14091052759e-08,0.0212666721044
308.738738739,5.14850529502,1.15372969276e-08,0.0232582354457
310.810810811,5.1133413324,1.16655971624e-08,0.0234418715897
312.882882883,5.0813813214,1.18116979531e-08,0.0233312478056
314.954954955,5.05373683705,1.19817751697e-08,0.0228242739144
317.027027027,5.025751915,1.21547765712e-08,0.0235607389024
319.099099099,5.00044954915,1.23521012252e-08,0.0244560364871
321.171171171,4.97798812379,1.25628121183e-08,0.0240934106215
323.243243243,4.95589925294,1.27649354096e-08,0.0227659461172
325.315315315,4.93668238918,1.2985173607e-08,0.021096488771
327.387387387,4.91911791306,1.3215834079e-08,0.0192302684198
329.459459459,4.90116188837,1.34695443683e-08,0.0185849428243
331.531531532,4.88621153752,1.37564491442e-08,0.0180054496901
333.603603604,4.87240751962,1.40290677503e-08,0.0165762128828
335.675675676,4.85863576829,1.42881602544e-08,0.0147101469667
337.747747748,4.84741201392,1.45712612263e-08,0.0131546643402
339.81981982,4.83667599577,1.48607281984e-08,0.0117013117835
341.891891892,4.82626663233,1.51920515683e-08,0.0112226638182
343.963963964,4.81853825615,1.55482967572e-08,0.0110077162157
346.036036036,4.81035408506,1.58683779574e-08,0.0100737866779
348.108108108,4.80217451602,1.61818715901e-08,0.00902717204378
350.18018018,4.79598270462,1.64941490278e-08,0.00824825515343
352.252252252,4.79002720549,1.68159802987e-08,0.00764676240022
354.324324324,4.78515492587,1.71437303854e-08,0.00757109670667
356.396396396,4.78228950231,1.73509805101e-08,0.00746913267373
358.468468468,4.77853233011,1.75603527545e-08,0.00694569175354
360.540540541,4.77483250358,1.77697039882e-08,0.00651923525685
362.612612613,4.77225600283,0.000116083248453,0.00625853481734
364.684684685,4.77454063144,0.000819347996215,0.00544621215686
366.756756757,4.77571062059,0.001008923819,0.00476248828648
368.828828829,4.77494326021,0.00030565936743,0.00430228136078
370.900900901,4.77972030811,0.000223470764601,0.00416733663408
372.972972973,4.78068586681,0.000247527346872,0.00422318293285
375.045045045,4.77580862083,-0.000213485081832,0.00411432471952
377.117117117,4.77642271919,-0.000784758095117,0.00384158458242
379.189189189,4.77703681756,-0.000700308874641,0.00356884443729
381.261261261,4.77765091592,-0.000129035571523,0.00329610428621
383.333333333,4.78623437053,0.000254032312459,0.00328379159547
385.405405405,4.78530369693,0.000137042429913,0.00339281570279
387.477477477,4.78389190437,-0.000262950777294,0.00334432199601
389.54954955,4.78616179813,-0.00071445704355,0.00316747840149
391.621621622,4.7884316919,-0.00045925760102,0.00299063479942
393.693693694,4.79070158568,-7.75101715889e-06,0.00281379119525
395.765765766,4.80282982395,0.000258542917343,0.00275914448707
397.837837838,4.79945868149,5.49651787761e-05,0.00289107250915
399.90990991,4.80122321474,-0.000283644533131,0.00279464472617
401.981981982,4.80487104862,-0.000642203768169,0.00263171951926
404.054054054,4.80851888254,-0.000289880001181,0.00246879430566
406.126126126,4.81407252003,3.98887901902e-05,0.00231022378148
408.198198198,4.82595129045,0.000208261987268,0.00219780303685
410.27027027,4.82155048846,5.89784101132e-08,0.00234786564742
412.342342342,4.82640877505,-0.000297480498558,0.00218534254802
414.414414414,4.83126872431,-0.000476013734532,0.00202276331629
416.486486486,4.83612867362,-0.000178457837708,0.00186018408008
418.558558559,4.84497192613,6.49276510522e-05,0.00168649260767
420.630630631,4.85414822915,0.000128393671068,0.00159722320557
422.702702703,4.85243975384,-5.31633354121e-05,0.00167550122884
424.774774775,4.85832586556,-0.000308232558426,0.00151279230849
426.846846847,4.86421197731,-0.000354810250904,0.00135008338611
428.918918919,4.87009808912,-9.97406226041e-05,0.0011873744608
430.990990991,4.88212662383,7.49047604369e-05,0.000989136824467
433.063063063,4.88824371953,7.16967223449e-05,0.00094712727784
435.135135135,4.88917808,-9.21095885864e-05,0.000952341578802
437.207207207,4.89594185834,-0.000312941053281,0.000786129000675
439.279279279,4.90270563675,-0.000261093399943,0.000619916419712
441.351351351,4.9094694152,-4.02615044448e-05,0.000453703836993
443.423423423,4.92468057522,7.30694719191e-05,0.000225111036925
445.495495495,4.92733099963,3.34478064145e-05,0.000237736694847
447.567567568,4.9309474221,-0.000119314623238,0.00017234781027
449.63963964,4.93846992742,-0.000309981452022,1.53953083754e-06
451.711711712,4.94599243283,-0.000185633144992,-0.000169268752314
453.783783784,4.95379433322,1.61357293404e-06,-0.000342380218551
455.855855856,4.97195377214,6.2055446121e-05,-0.00060087368123
457.927927928,4.97069522159,1.00233121084e-05,-0.000530438675678
460,4.97706722908,-0.000135885258662,-0.000659747208335
462.072072072,4.9852391295,-0.000287402798287,-0.000833513448069
464.144144144,4.99341103004,-0.000124556351361,-0.00100727969221
466.216216216,5.00415985891,8.39777305572e-06,-0.00120396106853
468.288288288,5.02027657771,3.41094959459e-05,-0.0014262044532
470.36036036,5.01818035,-5.88135694345e-06,-0.00135601889415
472.432432432,5.02689749948,-0.000142357369451,-0.00153035185305
474.504504505,5.03561464899,-0.000212375377242,-0.00170468481311
476.576576577,5.04433179861,-7.58988703731e-05,-0.00187901777676
478.648648649,5.05806139524,6.4073663174e-06,-0.00210105622005
480.720720721,5.07023749808,1.07832395815e-05,-0.00226063644078
482.792792793,5.0706600402,-2.79983694877e-05,-0.00225193864362
484.864864865,5.07982333314,-0.000139221866078,-0.00242430295949
486.936936937,5.08898662615,-0.000149860404023,-0.00259666727764
489.009009009,5.09814991924,-3.86363959132e-05,-0.00276903159855
491.081081081,5.11488570707,-2.38945085119e-06,-0.00301818613197
493.153153153,5.12270452502,-1.96985996024e-06,-0.00311324139248
495.225225225,5.12573834192,-4.00983270322e-05,-0.00315799413245
497.297297297,5.13525346945,-0.000127204942042,-0.00332578918466
499.369369369,5.14476859708,-9.9178987097e-05,-0.00349358424045
501.441441441,5.15428372476,-1.20718449375e-05,-0.00366137929807
503.513513514,5.17403010281,-1.63103410157e-05,-0.00393918469875
505.585585586,5.17712959133,-6.24264482659e-06,-0.00396793506496
507.657657658,5.18284335696,-4.30091242123e-05,-0.00405797901152
509.72972973,5.19262119738,-0.000107309106765,-0.00421872826265
511.801801802,5.20239903793,-5.97825617777e-05,-0.00437947751891
513.873873874,5.21302158605,-2.17997675272e-06,-0.00454979985266
515.945945946,5.23491083964,-3.3914473738e-05,-0.00484780784127
518.018018018,5.23299957482,-3.83514843561e-06,-0.00480907375035
520.09009009,5.24143228827,-3.77437082014e-05,-0.00493631328899
522.162162162,5.25138974535,-7.40325935003e-05,-0.00508785009383
524.234234234,5.26134720258,-3.10090815673e-05,-0.00523938690462
526.306306306,5.27472668382,-1.172936525e-05,-0.00543151837382
528.378378378,5.29243708294,-3.85492918324e-05,-0.00566651722715
530.45045045,5.29093739173,-2.00187266734e-06,-0.00563852945225
532.522522523,5.3009981686,-2.54809492877e-05,-0.00577911754042
534.594594595,5.31105894551,-3.54849144661e-05,-0.00591970563064
536.666666667,5.32111972254,-1.20052693946e-05,-0.00606029372591
538.738738739,5.33722884097,-2.47075029231e-05,-0.00627544073902
540.810810811,5.3498703198,-3.57496748903e-05,-0.00643790763741
542.882882883,5.35098048376,-1.68365763592e-06,-0.00644653749669
544.954954955,5.36107564546,-7.50785704626e-06,-0.00657490233547
547.027027027,5.37117080724,-7.55821392219e-06,-0.00670326717813
549.099099099,5.3812659691,-1.73343278061e-06,-0.00683163202474
551.171171171,5.40005259205,-4.00588683178e-05,-0.00707052284985
553.243243243,5.40745196606,-2.85335534689e-05,-0.00716124121758
555.315315315,5.41117695438,5.00420708814e-06,-0.00719939940157
557.387387387,5.42124526441,1.48526462637e-05,-0.00731469157597
559.459459459,5.43131357455,1.08280512037e-05,-0.00742998375647
561.531531532,5.44138188473,9.80207205413e-07,-0.00754527593954
563.603603604,5.46277189073,-5.69325835113e-05,-0.00780805793881
565.675675676,5.46483093002,-1.80450588712e-05,-0.00782900768322
567.747747748,5.471148055,1.68025977627e-05,-0.00789007695793
569.81981982,5.48113610404,4.03160879671e-05,-0.00799183219499
571.891891892,5.49112415322,2.08924562551e-05,-0.00809358744083
573.963963964,5.50252727595,-7.55745048185e-06,-0.00821411108847
576.036036036,5.52457243784,-7.23402376534e-05,-0.00847627400562
578.108108108,5.52170134368,-5.22229783796e-06,-0.00843575399408
580.18018018,5.53056463658,3.24919367228e-05,-0.00851376346765
582.252252252,5.54042672559,5.91302616129e-05,-0.00860186181931
584.324324324,5.55028881473,2.39194051755e-05,-0.00868996018034
586.396396396,5.56415552909,-2.25691042882e-05,-0.00883186101994
588.468468468,5.58074894753,-6.10501660377e-05,-0.00901990052783
590.540540541,5.57944870003,5.91057589483e-06,-0.00899312746825
592.612612613,5.589146495,5.09474844626e-05,-0.00906773013581
594.684684685,5.59884429001,6.62210808195e-05,-0.00914233280728
596.756756757,5.60854208513,2.11848076959e-05,-0.00921693548664
598.828828829,5.62479148021,-3.84590301425e-05,-0.00938034503535
600.900900901,5.63593676336,-4.79238512045e-05,-0.0094978907072
602.972972973,5.6371582588,1.80514087091e-05,-0.00948951110229
605.045045045,5.6466603205,7.1171983624e-05,-0.00955099990557
607.117117117,5.65616238227,6.7015070629e-05,-0.00961248871582
609.189189189,5.66566444412,1.38951437754e-05,-0.00967397753201
611.261261261,5.68420479609,-5.48538633165e-05,-0.00985871400144
613.333333333,5.68995550545,-3.35440382527e-05,-0.00990968233613
615.405405405,5.69363548318,3.26942104769e-05,-0.00991511543933
617.477477477,5.70291670026,9.23059656652e-05,-0.00996404380286
619.54954955,5.71219791745,6.27597634581e-05,-0.0100129721769
621.621621622,5.72147913468,3.14866864065e-06,-0.0100619005546
623.693693694,5.74221142474,-7.15059353762e-05,-0.0102676136897
625.765765766,5.74266154225,-1.83414078078e-05,-0.0102558502468
627.837837838,5.74872546629,4.89610964902e-05,-0.0102714364619
629.90990991,5.75776643367,0.00011362908132,-0.0103084673792
631.981981982,5.76680740119,5.45850436371e-05,-0.0103454983115
634.054054054,5.77771517277,-1.1914088486e-05,-0.0104081669195
636.126126126,5.79719590447,-7.89755884558e-05,-0.0105932172785
638.198198198,5.79394457281,-2.61769517649e-06,-0.0105377491122
640.27027027,5.80231011159,6.6111885499e-05,-0.0105607637834
642.342342342,5.81109651547,0.000111945891845,-0.0105866217953
644.414414414,5.81988291947,4.34933642261e-05,-0.010612479822
646.486486486,5.83295592316,-2.80829145972e-05,-0.0106973827809
648.558558559,5.84704707099,-6.35703501273e-05,-0.0108179457452
650.630630631,5.84578204186,1.24112288385e-05,-0.0107704986535
652.702702703,5.8543040556,8.35389783723e-05,-0.0107859734728
654.774774775,5.8628260694,0.000101475805217,-0.0108014482997
656.846846847,5.87134808328,3.03487615128e-05,-0.0108169231391
658.918918919,5.88649353856,-4.44360724271e-05,-0.010923991691
660.990990991,5.89533745133,-4.78052243673e-05,-0.0109834885985
663.063063063,5.89639895421,2.79104626398e-05,-0.0109446875919
665.135135135,5.90465064098,0.000100746022735,-0.0109506624102
667.207207207,5.91290232784,8.87127426898e-05,-0.0109566372413
669.279279279,5.92115401476,1.58779055274e-05,-0.0109626120813
671.351351351,5.93827766629,-6.0932856881e-05,-0.0110919994385
673.423423423,5.94203544528,-3.17992788441e-05,-0.0110931723414
675.495495495,5.94533928206,4.36249391679e-05,-0.0110618895329
677.567567568,5.95331803365,0.000117326472267,-0.0110593647679
679.63963964,5.96129678537,7.43879025715e-05,-0.0110568400209
681.711711712,5.96927553711,6.8710796278e-07,-0.0110543152787
683.783783784,5.98828315037,-7.75673104617e-05,-0.0112065354913
685.855855856,5.98712947012,-1.56126217841e-05,-0.0111514208679
687.927927928,5.99258954356,5.91125188181e-05,-0.0111276159151
690,6.00029555462,0.000132944371335,-0.0111177315782
692.072072072,6.00800156584,5.91132732762e-05,-0.0111078472654
694.144144144,6.01789128358,-1.56844522212e-05,-0.0111289691858
696.216216216,6.03419146845,-7.79282927892e-05,-0.0112498839932
698.288288288,6.03071865576,6.86830964226e-07,-0.0111645961919
700.36036036,6.03815443188,7.39988369632e-05,-0.0111486559358
702.432432432,6.04559020803,0.000116711210504,-0.0111327156852
704.504504504,6.0530259843,4.33999776368e-05,-0.0111167754548
706.576576577,6.06483305052,-3.2240889262e-05,-0.0111638646046
708.648648649,6.07615437214,-6.17830984864e-05,-0.0112300785312
710.720720721,6.074883624,1.57487136408e-05,-0.0111537763887
712.792792793,6.08205352393,8.79545399297e-05,-0.0111332669489
714.864864865,6.08922342391,9.98845295167e-05,-0.0111127575202
716.936936937,6.09639332398,2.76794970396e-05,-0.0110922481073
719.009009009,6.11003034724,-4.89081192323e-05,-0.0111667434943
721.081081081,6.11656217974,-4.54598018713e-05,-0.0111801277336
723.153153153,6.11740836987,3.01194828014e-05,-0.0111147243401
725.225225225,6.12431817344,0.000100680363325,-0.0110913220827
727.297297297,6.13122797712,8.28872604791e-05,-0.0110679198427
729.369369369,6.13813778084,1.23271953434e-05,-0.011044517613
731.441441441,6.1535188951,-6.55860358481e-05,-0.0111482316155
733.513513514,6.15545404543,-2.89650363229e-05,-0.0111106687257
735.585585586,6.15833200088,4.3488814262e-05,-0.0110587633447
737.657657658,6.16498848302,0.00011190850942,-0.0110342996061
739.72972973,6.17164496529,6.60977615408e-05,-0.0110098358912
741.801801802,6.17865225352,-2.70368047087e-06,-0.0109907553394
743.873873874,6.19534261425,-8.20653892615e-05,-0.0111202626778
745.945945946,6.19287495037,-1.23642955061e-05,-0.0110341546182
748.018018018,6.19769966068,5.55926040918e-05,-0.0109984974525
750.09009009,6.20411017213,0.000115705145572,-0.0109748118836
752.162162162,6.21052068372,4.98685061168e-05,-0.0109511263423
754.234234234,6.21932310658,-1.9140256325e-05,-0.0109649034754
756.306306306,6.23260041776,-7.4681755418e-05,-0.0110613093842
758.378378378,6.22938726927,3.34531949578e-06,-0.0109676413895
760.45045045,6.23555944627,6.6253383994e-05,-0.0109462583608
762.522522523,6.24173162331,9.74341280937e-05,-0.0109248753393
764.594594595,6.24790380047,3.45269565274e-05,-0.0109034923395
766.666666667,6.25841936775,-3.51220378475e-05,-0.0109510263198
768.738738739,6.26723586173,-5.74500987245e-05,-0.0110023278173
770.810810811,6.26601917243,1.56604997967e-05,-0.0109292027879
772.882882883,6.27196092385,7.54381167418e-05,-0.0109109927192
774.954954955,6.27790267534,8.011679018e-05,-0.0108927826636
777.027027027,6.28384442692,2.03400957416e-05,-0.0108745726234
779.099099099,6.2959935996,-5.0289716792e-05,-0.0109549142144
781.171171171,6.30054075483,-4.0350736474e-05,-0.0109633929784
783.243243243,6.30123626825,2.66523967609e-05,-0.0109109503476
785.315315315,6.30695592718,8.32638807565e-05,-0.0108960706908
787.387387387,6.31267558622,6.40658419622e-05,-0.0108811910527
789.459459459,6.31839524532,7.45531140092e-06,-0.0108663114237
791.531531532,6.33210204869,-6.43459664825e-05,-0.0109766253124
793.603603604,6.33256752057,-2.37642814126e-05,-0.0109452089743
795.675675676,6.33509337233,3.63832541217e-05,-0.0109119426696
797.747747748,6.34059973778,8.99176566124e-05,-0.0109000551327
799.81981982,6.34610610337,4.94185829166e-05,-0.0108881676196
801.891891892,6.35231699572,-5.5303748003e-06,-0.0108870627219
803.963963964,6.36680504256,-7.71098578308e-05,-0.0110126376817
806.036036036,6.3633713445,-8.01909156332e-06,-0.0109449104993
808.108108108,6.3676485162,4.49640265223e-05,-0.0109284642426
810.18018018,6.37295070569,8.67712340721e-05,-0.0109190023243
812.252252252,6.37825289532,3.61636348213e-05,-0.0109095404298
814.324324324,6.38607774554,-1.96765928928e-05,-0.0109374864896
816.396396396,6.39675404219,-6.21721224511e-05,-0.0110228292754
818.468468468,6.39385420141,4.65712454277e-06,-0.0109636496208
820.540540541,6.39896143353,5.25102504867e-05,-0.010956004641
822.612612613,6.4040686657,7.20679260022e-05,-0.0109483596688
824.684684685,6.40917589799,2.42158519668e-05,-0.0109407147146
826.756756757,6.418544815,-3.26028437275e-05,-0.0109940002395
828.828828829,6.42527228959,-4.5789622185e-05,-0.0110396089868
830.900900901,6.42417050681,1.3860251443e-05,-0.0109967254733
832.972972973,6.42909191703,5.91269730937e-05,-0.010990342137
835.045045045,6.43401332734,5.87338970996e-05,-0.0109839588133
837.117117117,6.43893473774,1.34682613506e-05,-0.0109775755022
839.189189189,6.44978109922,-4.42728897454e-05,-0.0110526239243
841.261261261,6.45273312372,-3.05823615783e-05,-0.0110626133861
843.333333333,6.45335410705,2.20663565306e-05,-0.0110335459559
845.405405405,6.45809861614,6.4907381165e-05,-0.0110279598001
847.477477477,6.46284312536,4.66541783566e-05,-0.0110223736621
849.54954955,6.46758763463,3.81427425991e-06,-0.0110167875312
851.621621622,6.47984781054,-5.46969804309e-05,-0.0111103168136
853.693693694,6.47919087036,-1.66088258723e-05,-0.0110887460912
855.765765766,6.48146204094,2.93695898775e-05,-0.0110712720945
857.837837838,6.4860382668,6.99366604799e-05,-0.0110661135351
859.90990991,6.49061449282,3.57202837303e-05,-0.0110609549985
861.981981982,6.49617275723,-6.85642754644e-06,-0.0110682087081
864.054054054,6.50837832104,-6.09382614721e-05,-0.011161148313
866.126126126,6.50469754806,-3.87821358005e-06,-0.011115602238
868.198198198,6.50854902779,3.58581289309e-05,-0.0111077568449
870.27027027,6.51296522903,6.42686243572e-05,-0.0111027380179
872.342342342,6.51738143043,2.58322975253e-05,-0.0110977192124
874.414414414,6.52440445501,-1.78081235097e-05,-0.0111242517026
876.486486486,6.5329589387,-4.65452020586e-05,-0.0111835351011
878.558558559,6.53040314022,5.16901289964e-06,-0.0111465093984
880.630630631,6.53466718369,4.16141710357e-05,-0.0111414098974
882.702702703,6.53893122723,5.33404211956e-05,-0.0111363104048
884.774774775,6.54319527088,1.68964917089e-05,-0.0111312109286
886.846846847,6.55162248831,-2.75990570909e-05,-0.0111743337936
888.918918919,6.55668204635,-3.34059214758e-05,-0.0112038681039
890.990990991,6.55574653972,1.21308889386e-05,-0.0111764315314
893.063063063,6.55986588835,4.67130134029e-05,-0.0111710887461
895.135135135,6.56398523708,4.34058514276e-05,-0.0111657459744
897.207207207,6.5681045859,8.82499270802e-06,-0.011160403214
899.279279279,6.57787788703,-3.62870476739e-05,-0.0112177070063
901.351351351,6.57959201247,-2.14766659756e-05,-0.011221121884
903.423423423,6.5802100544,1.83826581859e-05,-0.0112017214989
905.495495495,6.58419176939,5.12228962852e-05,-0.0111960225327
907.567567568,6.58817348451,3.43754120342e-05,-0.0111903235855
909.63963964,6.59215519969,1.53647691133e-06,-0.0111846246445
911.711711712,6.60321882391,-4.39353761998e-05,-0.0112539620916
913.783783784,6.60173054451,-1.07027485006e-05,-0.0112346072486
915.855855856,6.60383801282,2.39936431186e-05,-0.0112218755081
917.927927928,6.60768876445,5.52046111927e-05,-0.011215748814
920,6.61153951627,2.6166134739e-05,-0.0112096221446
922.072072072,6.61658947523,-7.08103095571e-06,-0.0112156429825
924.144144144,6.62667248689,-4.45534744858e-05,-0.0112760425068
926.216216216,6.623136803,-1.023379663e-06,-0.0112439087411
928.288288288,6.62667214557,2.9025676996e-05,-0.0112366445863
930.36036036,6.63039822936,4.83859636129e-05,-0.0112300512948
932.432432432,6.63412431332,1.87019370102e-05,-0.0112234580248
934.504504504,6.64050748104,-1.52592179605e-05,-0.0112425921748
936.576576577,6.64734880511,-3.34934803262e-05,-0.0112790566621
938.648648649,6.64514436089,5.27851775065e-06,-0.011253047438
940.720720721,6.64875171639,3.35331623188e-05,-0.0112459722515
942.792792793,6.65235907197,4.01674038564e-05,-0.0112388970753
944.864864865,6.65596642767,1.1914176867e-05,-0.0112318219155
946.936936937,6.66362946167,-2.24917442374e-05,-0.0112622793849
949.009009009,6.66736289472,-2.35034802869e-05,-0.0112778061859
951.081081081,6.66661943323,1.06537105412e-05,-0.011257489538
953.153153153,6.6701136625,3.75645747853e-05,-0.0112499313702
955.225225225,6.67360789189,3.26512787649e-05,-0.0112423732185
957.297297297,6.67710212137,5.74187197298e-06,-0.0112348150779
959.369369369,6.68599380695,-2.88440050807e-05,-0.0112749962309
961.441441441,6.68674733954,-1.45179939333e-05,-0.01127230576
963.513513514,6.68740633958,1.55165156499e-05,-0.0112567023816
965.585585586,6.69079272291,4.11642540802e-05,-0.0112486685436
967.657657658,6.6941791064,2.57768096113e-05,-0.0112406347278
969.72972973,6.6975666899,1.28978185987e-07,-0.0112326110616
971.801801802,6.70763666091,-3.43801648795e-05,-0.0112810785062
973.873873874,6.7055327033,-6.47137141223e-06,-0.0112626285654
975.945945946,6.70753804224,1.99129387795e-05,-0.0112508720948
978.018018018,6.71082155472,4.39472751409e-05,-0.0112423771257
980.09009009,6.71410506741,1.94891060837e-05,-0.0112338821845
982.162162162,6.71875702694,-6.65111132612e-06,-0.0112364454904
984.234234234,6.72710116721,-3.18116620337e-05,-0.011273128737
986.306306306,6.72386019941,5.43134310575e-07,-0.0112491600785
988.378378378,6.72704553035,2.3884700407e-05,-0.0112402249095
990.45045045,6.73023086134,3.7078103734e-05,-0.0112312897466
992.522522523,6.73341619249,1.373812109e-05,-0.0112223546061
994.594594595,6.73928360503,-1.26381139914e-05,-0.0112341401913
996.666666667,6.74473405019,-2.35511496673e-05,-0.0112543213194
998.738738739,6.74286638204,5.18118373347e-06,-0.0112343682476
1000.81081081,6.74595795345,2.74697714273e-05,-0.0112250178286
1002.88288288,6.74904952496,3.07652998518e-05,-0.011215667422
1004.95495495,6.75214109658,8.47834028064e-06,-0.0112063170319
1007.02702703,6.75917697996,-1.78915772073e-05,-0.0112261039738
1009.0990991,6.76184834232,-1.61372475691e-05,-0.0112319109323
1011.17117117,6.76130075869,9.40630792056e-06,-0.0112152615077
1013.24324324,6.76430274197,3.07027729179e-05,-0.0112055228633
1015.31531532,6.76730472538,2.49630493458e-05,-0.0111957842374
1017.38738739,6.77030670888,3.66825837731e-06,-0.0111860456221
1019.45945946,6.77846595243,-2.24681146526e-05,-0.0112127420482
1021.53153153,6.77846791205,-9.50914556606e-06,-0.0112060897141
1023.6036036,6.77918939182,1.3254002293e-05,-0.011192115378
1025.67567568,6.78210572411,3.36151446742e-05,-0.0111820168734
1027.74774775,6.78502205658,1.96293767789e-05,-0.0111719183936
1029.81981982,6.78820288838,-9.5307605329e-07,-0.0111636073467
1031.89189189,6.797177687,-2.64211260326e-05,-0.0111944506574
1033.96396396,6.7946152016,-3.60892820291e-06,-0.011177059204
1036.03603604,6.79655683655,1.675659464e-05,-0.011165206653
1038.10810811,6.79939123626,3.42029346515e-05,-0.0111547775426
1040.18018018,6.80222563618,1.47258832738e-05,-0.0111443484605
1042.25225225,6.80655990361,-5.87405405554e-06,-0.0111436166427
1044.32432432,6.81346955633,-2.23103758327e-05,-0.0111642272615
1046.3963964,6.81067026383,1.29755830136e-06,-0.0111455409452
1048.46846847,6.81342624525,1.99435461118e-05,-0.0111348109834
1050.54054054,6.81618222672,2.88616665319e-05,-0.0111240810295
1052.61261261,6.81893820837,1.02174960119e-05,-0.0111133510981
1054.68468468,6.82438289104,-1.01884860005e-05,-0.0111192562288
1056.75675676,6.82869511738,-1.62437137184e-05,-0.0111286218747
1058.82882883,6.82713857803,4.98234259922e-06,-0.0111122016677
1060.9009009,6.82981946491,2.28418127728e-05,-0.0111012007256
1062.97297297,6.83250035191,2.39297872058e-05,-0.0110901997982
1065.04504505,6.83518123902,6.07218311649e-06,-0.0110791988871
1067.11711712,6.84169502314,-1.39439632277e-05,-0.01109089613
1069.18918919,6.84350827589,-1.08266062245e-05,-0.0110904944267
1071.26126126,6.84314818866,8.35974043212e-06,-0.0110758848187
1073.33333333,6.84575712659,2.54761109966e-05,-0.0110646423267
1075.40540541,6.84836606468,1.93750519054e-05,-0.0110533998563
1077.47747748,6.85097500285,2.26059669534e-06,-0.0110421573962
1079.54954955,6.85851821709,-1.71848952396e-05,-0.0110588895472
1081.62162162,6.85792679078,-6.01009785583e-06,-0.011050047332
1083.69369369,6.85871875908,1.14550263078e-05,-0.0110368482393
1085.76576577,6.86125872666,2.7868933532e-05,-0.0110253924702
1087.83783784,6.86379869447,1.51677396413e-05,-0.0110139367302
1089.90990991,6.86681913984,-1.42826929409e-06,-0.0110050894681
1091.98198198,6.87487321456,-1.99526188234e-05,-0.0110235693767
1094.05405405,6.87196742714,-1.74842621216e-06,-0.0110074759154
1096.12612613,6.8738688809,1.42912225413e-05,-0.0109953365215
1098.1981982,6.87634269995,2.70278677592e-05,-0.010983694085
1100.27027027,6.87881651921,1.128050656e-05,-0.010972051679
1102.34234234,6.88289194011,-4.93974243885e-06,-0.0109687372546
1104.41441441,6.88860942947,-1.5346845987e-05,-0.0109787810517
1106.48648649,6.88620579649,1.76903868495e-06,-0.0109633832129
1108.55855856,6.88861614132,1.68892996173e-05,-0.010951578933
1110.63063063,6.89102648624,2.28065523809e-05,-0.0109397746638
1112.7027027,6.89343683133,7.68835790141e-06,-0.0109279704188
1114.77477477,6.89852942737,-7.990399765e-06,-0.0109295278289
1116.84684685,6.90190274654,-1.09531351288e-05,-0.0109319649539
1118.91891892,6.90062777943,4.74416364962e-06,-0.0109177324588
1120.99099099,6.90297718602,1.92684585419e-05,-0.0109057893873
1123.06306306,6.90532659274,1.88906507276e-05,-0.0108938463342
1125.13513514,6.90767599959,4.36847424251e-06,-0.0108819032986
1127.20720721,6.91374945155,-1.06166999637e-05,-0.0108877372545
1129.27927928,6.91486349881,-7.05338844543e-06,-0.0108835846389
1131.35135135,6.91467690397,7.48690323223e-06,-0.0108702272328
1133.42342342,6.91696777813,2.1446320081e-05,-0.0108581666903
1135.4954955,6.91925865247,1.52571894185e-05,-0.0108461061742
1137.56756757,6.92154952689,1.29994405281e-06,-0.0108340456684
1139.63963964,6.92856893733,-1.28525479719e-05,-0.0108436203957
1141.71171171,6.92750511705,-3.6100331505e-06,-0.010833789995
1143.78378378,6.9283682278,1.00153221924e-05,-0.0108210536398
1145.85585586,6.93060285305,2.34390286998e-05,-0.0108088954079
1147.92792793,6.93283747855,1.18850391462e-05,-0.0107967372111
1150,6.93573027479,-1.51004558919e-06,-0.0107874662075
1152.07207207,6.94265310659,-1.38097451864e-05,-0.0107965845572
1154.14414414,6.93984031858,-5.88068765512e-07,-0.0107827215184
1156.21621622,6.94171602515,1.23460027321e-05,-0.0107703848209
1158.28828829,6.94389657026,2.16678493592e-05,-0.0107581473691
1160.36036036,6.94607711562,8.7547584839e-06,-0.0107459099503
1162.43243243,6.94993772829,-3.95695900867e-06,-0.0107407402152
1164.5045045,6.95465728908,-1.02768847566e-05,-0.0107439648096
1166.57657658,6.95260531015,2.06142913704e-06,-0.010730681966
1168.64864865,6.95473383605,1.44941772501e-05,-0.010718382565
1170.72072072,6.95686236205,1.82788702367e-05,-0.0107060831776
1172.79279279,6.95899088823,5.84845986105e-06,-0.0106937838156
1174.86486486,6.963786061,-6.05400422333e-06,-0.0106922451377
1176.93693694,6.96637897423,-7.14976289233e-06,-0.0106903547145
1179.00900901,6.96535604652,4.49955976702e-06,-0.0106775432864
1181.08108108,6.96743451308,1.64738447785e-05,-0.0106651979452
1183.15315315,6.9695129798,1.51215633542e-05,-0.0106528526259
1185.22522523,6.97159144665,3.14967430139e-06,-0.0106405073242
1187.2972973,6.97728919835,-7.82879332088e-06,-0.0106421749989
1189.36936937,6.97782902148,-4.39773050395e-06,-0.0106358689143
1191.44144144,6.97779999184,6.75933217183e-06,-0.0106233472419
1193.51351351,6.97983026365,1.8297860702e-05,-0.0106109704886
1195.58558559,6.98186053567,1.21793028127e-05,-0.0105985937657
1197.65765766,6.98389080776,6.43229771907e-07,-0.0105862170522
1199.72972973,6.99046037935,-9.3069644634e-06,-0.0105907075181
1201.8018018,6.98901774047,-1.99229389064e-06,-0.0105806128985
1203.87387387,6.98994883577,8.85390814126e-06,-0.010568222771
1205.94594595,6.99193268746,1.99780190841e-05,-0.010555827655
1208.01801802,6.99391653944,9.43674692084e-06,-0.0105434325783
1210.09009009,6.9967052394,-1.34467816175e-06,-0.010533908491
1212.16216216,7.00258898469,-9.07717713979e-06,-0.0105367403884
1214.23423423,6.99995492357,9.30428305971e-08,-0.0105246829872
1216.30630631,7.00181369018,1.07953916035e-05,-0.0105122872911
1218.37837838,7.00375281151,1.76069215922e-05,-0.010499885552
1220.45045045,7.00569193309,6.87974778991e-06,-0.0104874838462
1222.52252252,7.00937129075,-2.98714155035e-06,-0.0104810430092
1224.59459459,7.01324960565,-6.59949617285e-06,-0.0104799287121
1226.66666667,7.01150912205,2.24066475514e-06,-0.0104680456454
1228.73873874,7.0134051225,1.25949168051e-05,-0.0104556478502
1230.81081081,7.01530112307,1.48468737497e-05,-0.0104432500712
1232.88288288,7.01719712383,4.4952605304e-06,-0.0104308523174
1234.95495495,7.02173780444,-4.36348024065e-06,-0.0104271557406
1237.02702703,7.02367733338,-4.43020420485e-06,-0.0104226303496
1239.0990991,7.02287877417,4.26623236522e-06,-0.010410786543
1241.17117117,7.02473318788,1.42627293324e-05,-0.0103984022617
1243.24324324,7.02658760177,1.22650502349e-05,-0.0103860180056
1245.31531532,7.0284420158,2.27125376096e-06,-0.0103736337664
1247.38738739,7.033815777,-5.49454691676e-06,-0.0103723742568
1249.45945946,7.03388059089,-2.54613375916e-06,-0.0103649183141
1251.53153153,7.03399316965,6.15281926842e-06,-0.0103530021351
1253.6036036,7.03580745953,1.58082641965e-05,-0.0103406400147
1255.67567568,7.03762174966,9.84931033112e-06,-0.010328277929
1257.74774775,7.03947444239,2.23514994811e-07,-0.0103160325133
1259.81981982,7.04561568671,-6.39968045593e-06,-0.0103168151443
1261.89189189,7.04386739631,-9.25757989741e-07,-0.0103068598269
1263.96396396,7.04486149518,7.91009147481e-06,-0.0102947752175
1266.03603604,7.04663705697,1.69157411752e-05,-0.0102824430856
1268.10810811,7.04841261909,7.58843903079e-06,-0.0102701109969
1270.18018018,7.05111448402,-1.02956953796e-06,-0.0102604840031
1272.25225225,7.05611269777,-5.61921897928e-06,-0.0102592643847
1274.32432432,7.05375434009,5.27335532026e-07,-0.0102484767797
1276.3963964,7.05549250614,9.54697501359e-06,-0.0102361817266
1278.46846847,7.05723067226,1.44888215979e-05,-0.0102238866837
1280.54054054,7.05896883864,5.47206941865e-06,-0.0102115916755
1282.61261261,7.06249293773,-2.0626349834e-06,-0.0102043117297
1284.68468468,7.06565728283,-3.94041982762e-06,-0.0102004772511
1286.75675676,7.06419250851,2.34857584081e-06,-0.0101895429461
1288.82882883,7.06589455127,1.1071717432e-05,-0.0101772913993
1290.9009009,7.06759659417,1.22108012114e-05,-0.0101650398725
1292.97297297,7.06929863726,3.49060983546e-06,-0.0101527883718
1295.04504505,7.0736190089,-2.89264212996e-06,-0.0101476088272
1297.11711712,7.07500776617,-2.49659687186e-06,-0.0101415283333
1299.18918919,7.07440846035,4.05209659456e-06,-0.0101303705336
1301.26126126,7.07607559563,1.24919446875e-05,-0.0101181683137
1303.33333333,7.07774273114,1.00720141689e-05,-0.010105966124
1305.40540541,7.07940986677,1.63517928432e-06,-0.0100937639511
1307.47747748,7.08450148567,-3.53534507262e-06,-0.0100904607352
1309.54954955,7.08417076886,-1.27027130483e-06,-0.0100824656343
1311.62162162,7.084409852,5.6456875037e-06,-0.0100710189889
1313.69369369,7.0860432421,1.3814714051e-05,-0.010058871361
1315.76576577,7.08767663249,8.06349968453e-06,-0.0100467237741
1317.83783784,7.08951923448,1.09630463523e-07,-0.0100350994151
1319.90990991,7.09514876161,-4.00537721173e-06,-0.0100329458412
1321.98198198,7.09315261122,-2.4518287915e-07,-0.0100233335166
1324.05405405,7.09420399486,7.13656903499e-06,-0.0100115429317
1326.12612613,7.09580475139,1.40837968453e-05,-0.00999945465552
1328.1981982,7.09740550826,6.17694502728e-06,-0.00998736642545
1330.27027027,7.10003341194,-6.28527955628e-07,-0.0099777511486
1332.34234234,7.10427218183,-3.09722157193e-06,-0.00997395238276
1334.41441441,7.10222868773,8.69333276982e-07,-0.00996401718228
1336.48648649,7.10379787429,8.5314363876e-06,-0.0099519925501
1338.55855856,7.10536706095,1.20635304517e-05,-0.00993996793138
1340.63063063,7.10693624788,4.40463226085e-06,-0.0099279433491
1342.7027027,7.11032555389,-1.19843086719e-06,-0.00992013863668
1344.77477477,7.11288010274,-2.02494095019e-06,-0.00991463870552
1346.84684685,7.11165953259,2.41174195128e-06,-0.00990437113098
1348.91891892,7.11319816742,9.83649663437e-06,-0.00989241404978
1350.99099099,7.11473680242,1.0160875892e-05,-0.00988045699276
1353.06306306,7.11627543762,2.73939104909e-06,-0.00986849996212
1355.13513514,7.12040308349,-1.61295190887e-06,-0.00986232502138
1357.20720721,7.12132465654,-1.13225759116e-06,-0.00985537846421
1359.27927928,7.12090220151,3.86012706575e-06,-0.00984473614475
1361.35135135,7.12241125975,1.10575065105e-05,-0.0098328501416
1363.42342342,7.12392031825,8.36860335365e-06,-0.00982096417362
1365.4954955,7.12542937687,1.17455875821e-06,-0.00980907822166
1367.56756757,7.13027310315,-1.88406502855e-06,-0.00980436842586
1369.63963964,7.12961111412,-4.05906303321e-07,-0.00979620372951
1371.71171171,7.12996284486,5.22036706619e-06,-0.00978515176554
1373.78378378,7.13144326086,1.21998186395e-05,-0.00977333996318
1375.85585586,7.1329236772,6.67999304184e-06,-0.00976152820732
1377.92792793,7.13475896161,1.62988988034e-07,-0.00975045255201
1380,7.13994241134,-2.02291585615e-06,-0.00974632192428
1382.07207207,7.13774451982,1.6646585567e-07,-0.00973714376918
1384.14414414,7.13884734968,6.49793386622e-06,-0.00972565393897
1386.21621622,7.14030001909,1.18558077202e-05,-0.00971391910259
1388.28828829,7.14175268885,5.08878838614e-06,-0.00970218431361
1390.36036036,7.14431640841,-1.82970581446e-07,-0.0096926716948
1392.43243243,7.147900006,-1.26408795449e-06,-0.00968727213268
1394.5045045,7.14613557171,1.12790923967e-06,-0.00967793099544
1396.57657658,7.14756135328,7.69792327621e-06,-0.00966627558071
1398.64864865,7.14898713497,1.01556411965e-05,-0.00965462018295
1400.72072072,7.15041291695,3.58915375067e-06,-0.00964296482243
1402.79279279,7.15368378378,-4.00007936594e-07,-0.0096348690054
1404.86486486,7.15571445278,-6.53705868813e-07,-0.00962839536978
1406.93693694,7.15471053824,2.44747031646e-06,-0.00961862076725
1409.00900901,7.15611025588,8.82508337125e-06,-0.00960704698031
1411.08108108,7.15750997373,8.54966856097e-06,-0.00959547322241
1413.15315315,7.15890969178,2.17564487446e-06,-0.00958389949112
1415.22522523,7.16286713646,-4.97973441581e-07,-0.00957708711683
1417.2972973,7.16339017845,-1.80906706937e-07,-0.00956971413472
1419.36936937,7.16312478834,3.69096868132e-06,-0.00955948616495
1421.44144144,7.16449923267,9.88384125739e-06,-0.00954799595466
1423.51351351,7.1658736773,7.03240252258e-06,-0.00953650578602
1425.58558559,7.16724812205,8.43182232614e-07,-0.00952501563276
1427.65765766,7.1718722649,-4.86044153217e-07,-0.00951936516646
1429.72972973,7.1709314267,1.64451691944e-07,-0.00951124914298
1431.8018018,7.17138331525,4.86291752669e-06,-0.00950055290529
1433.87387387,7.1727332453,1.08783262945e-05,-0.00948914798482
1435.94594595,7.17408317575,5.59871766373e-06,-0.00947774311912
1438.01801802,7.17591263419,3.27025230327e-07,-0.00946717041983
1440.09009009,7.18040662339,-3.11751287517e-07,-0.00946160201159
1442.16216216,7.17834226761,3.91834949753e-07,-0.00945301942025
1444.23423423,7.17949090799,5.96753162425e-06,-0.00944184449831
1446.30630631,7.18081705284,1.00849048699e-05,-0.0094305263699
1448.37837838,7.18214319806,4.24382444832e-06,-0.00941920829224
1450.45045045,7.18465028005,2.80167516116e-07,-0.00940987016241
1452.52252252,7.1876655435,5.99443756035e-08,-0.00940352245298
1454.59459459,7.18614910174,1.32786256708e-06,-0.00939461245961
1456.66666667,7.18745216171,7.00874899531e-06,-0.00938338239399
1458.73873874,7.18875522183,8.64028698599e-06,-0.00937215235003
1460.81081081,7.19005828225,2.96324487002e-06,-0.00936092234517
1462.88288288,7.19322394738,3.3215027252e-07,-0.00935271071193
1464.95495495,7.19480212378,3.17866151111e-07,-0.00934571626233
1467.02702703,7.19399083895,2.46708344546e-06,-0.00933632701149
1469.0990991,7.19527148736,7.99025136446e-06,-0.00932518611394
1471.17117117,7.19655213603,7.27204793146e-06,-0.0093140452514
1473.24324324,7.19783278489,1.7527896124e-06,-0.00930290441581
1475.31531532,7.20163861165,4.75417218337e-07,-0.00929572060825
1477.38738739,7.20181995768,4.7035061875e-07,-0.00928819767283
1479.45945946,7.20169423658,3.54407995015e-06,-0.0092783241888
1481.53153153,7.20295312082,8.91548383795e-06,-0.00926727337671
1483.6036036,7.20421200541,5.97596556075e-06,-0.00925622261343
1485.67567568,7.20547089011,6.08537437678e-07,-0.00924517186442
1487.74774775,7.20989905186,7.02921966951e-07,-0.00923892587184
1489.81981982,7.2087224975,5.25183885495e-07,-0.00923097960394
1491.89189189,7.20926338863,4.56236156798e-06,-0.00922062019187
1493.96396396,7.21050113141,9.7876729984e-06,-0.00920966021627
1496.03603604,7.21173887466,4.74808419656e-06,-0.00919870030354
1498.10810811,7.21356317474,5.62627992749e-07,-0.00918860113496
1500.18018018,7.21745438119,9.30979635309e-07,-0.00918218814659
1502.25225225,7.21551306136,4.89638291307e-07,-0.00917407374046
1504.32432432,7.21670222945,5.52521813575e-06,-0.0091632296421
1506.3963964,7.2179194301,8.66520714336e-06,-0.00915236111264
1508.46846847,7.21913663113,3.58469436623e-06,-0.00914149263549
1510.54054054,7.22159298269,7.439884375e-07,-0.00913238519279
1512.61261261,7.224112734,1.00712558201e-06,-0.00912552347843
1514.68468468,7.22281730629,1.48664450265e-06,-0.00911694234761
1516.75675676,7.22401454143,6.43573348537e-06,-0.00910616569595
1518.82882883,7.22521177677,7.42722311595e-06,-0.00909538907041
1520.9009009,7.2264090124,2.48231371845e-06,-0.00908461248406
1522.97297297,7.2294803162,1.00111435762e-06,-0.00907641666105
1525.04504505,7.23066574735,9.96079552619e-07,-0.00906919451628
1527.11711712,7.23002613706,2.47833029276e-06,-0.00906012459914
1529.18918919,7.23120396221,7.29679826493e-06,-0.00904944017193
1531.26126126,7.23238178766,6.25189102224e-06,-0.0090387557849
1533.33333333,7.23355961331,1.43767114153e-06,-0.0090280714237
1535.40540541,7.23722930518,1.32817805688e-06,-0.0090207140987
1537.47747748,7.23711636731,9.0425832342e-07,-0.00901320959847
1539.54954955,7.23711504124,3.41858782634e-06,-0.00900365569606
1541.62162162,7.23827399141,8.11112200233e-06,-0.00899306371762
1543.69369369,7.23943294201,5.13591093777e-06,-0.00898247179386
1545.76576577,7.24064530226,5.5061144834e-07,-0.00897194906289
1547.83783784,7.24484392326,1.71973861587e-06,-0.00896529438825
1549.90990991,7.24346742961,7.37660345671e-07,-0.00895757621681
1551.98198198,7.24408740636,4.31017376668e-06,-0.00894754526724
1554.05405405,7.24522799709,8.6428712637e-06,-0.00893704584382
1556.12612613,7.24636858833,4.07618097139e-06,-0.00892654648655
1558.1981982,7.24818787288,8.43161280065e-07,-0.00891690050793
1560.27027027,7.25154955811,1.82498143596e-06,-0.00891004071324
1562.34234234,7.24982376541,7.0179263419e-07,-0.00890220861727
1564.41441441,7.25094649358,5.15568005992e-06,-0.00889180172703
1566.48648649,7.25206922186,7.51922174255e-06,-0.00888139485301
1568.55855856,7.25319195056,3.0697847072e-06,-0.00887098803181
1570.63063063,7.25560226007,1.19850262725e-06,-0.00886215384597
1572.7027027,7.25768798668,1.67552913775e-06,-0.00885506323547
1574.77477477,7.25659009881,1.61675980646e-06,-0.00884674683012
1576.84684685,7.25769544354,5.9575464575e-06,-0.00883643235204
1578.91891892,7.25880078851,6.45024699351e-06,-0.00882611790512
1580.99099099,7.25990613378,2.11397671863e-06,-0.00881580349728
1583.06306306,7.26289205105,1.61180849012e-06,-0.00880772176102
1585.13513514,7.26373509572,1.45932638782e-06,-0.00880045690997
1587.20720721,7.26324885844,2.48647657775e-06,-0.00879166572078
1589.27927928,7.26433728184,6.71807008329e-06,-0.00878144344508
1591.35135135,7.2654257056,5.43318185161e-06,-0.008771221216
1593.42342342,7.26651412954,1.20617002685e-06,-0.0087609990118
1595.4954955,7.27006070157,2.07856526125e-06,-0.00875361560854
1597.56756757,7.26969332188,1.18132977664e-06,-0.00874622571368
1599.63963964,7.26980297611,3.31327568258e-06,-0.00873697081238
1601.71171171,7.27087492399,7.43941446248e-06,-0.008726840453
1603.78378378,7.27194687235,4.46541849192e-06,-0.00871671015632
1605.85585586,7.27319262561,7.1055573782e-07,-0.00870677526159
1607.92792793,7.27711154155,2.59455259377e-06,-0.00869984554308
1610,7.27556501458,8.46179649554e-07,-0.00869237300506
1612.07207207,7.27625527771,4.09935580681e-06,-0.00868266684294
1614.14414414,7.27731118032,7.56404803382e-06,-0.00867262805072
1616.21621622,7.27836708346,3.54449654346e-06,-0.00866258932754
1618.28828829,7.28018116228,1.15020399856e-06,-0.0086533809758
1620.36036036,7.28307563848,2.45905162325e-06,-0.00864633784577
1622.43243243,7.28156821526,9.20981074994e-07,-0.00863870548184
1624.5045045,7.28260848779,4.84679127131e-06,-0.00862875783095
1626.57657658,7.28364876049,6.5891312959e-06,-0.00861881020103
1628.64864865,7.28468903361,2.66809556278e-06,-0.00860886262555
1630.72072072,7.28705706335,1.63777755145e-06,-0.00860033291065
1632.79279279,7.28876101692,2.13759145826e-06,-0.00859319633939
1634.86486486,7.28784019052,1.72690174879e-06,-0.00858510410859
1636.93693694,7.28886523399,5.55754041284e-06,-0.00857524713443
1639.00900901,7.28989027774,5.65982651287e-06,-0.00856539019739
1641.08108108,7.2909153218,1.83402687592e-06,-0.00855553329946
1643.15315315,7.29382334698,2.16953009064e-06,-0.00854763859361
1645.22522523,7.29436673322,1.76518397531e-06,-0.00854044226925
1647.2972973,7.29401784957,2.49484288357e-06,-0.00853190432545
1649.36936937,7.29502805123,6.23345174745e-06,-0.00852213751179
1651.44144144,7.2960382533,4.77392914003e-06,-0.00851237075153
1653.51351351,7.29704845556,1.04022401399e-06,-0.00850260401464
1655.58558559,7.30048292467,2.74195751546e-06,-0.00849530466667
1657.65765766,7.29989481794,1.34568273449e-06,-0.00848807690693
1659.72972973,7.30010365175,3.22667885265e-06,-0.00847910839851
1661.8018018,7.30109938572,6.87626812092e-06,-0.00846943119038
1663.87387387,7.30209512025,3.92935406325e-06,-0.00845975405209
1665.94594595,7.30337022002,9.19894335664e-07,-0.00845035488262
1668.01801802,7.30699240102,3.3095318596e-06,-0.00844333509491
1670.09009009,7.30534723185,8.82694893807e-07,-0.00843610116383
1672.16216216,7.30609997094,3.92417952662e-06,-0.00842671811728
1674.23423423,7.30708159884,6.68255272344e-06,-0.00841712993891
1676.30630631,7.30806322728,3.12412960092e-06,-0.00840754182942
1678.37837838,7.30987169514,1.47111794416e-06,-0.00839875871673
1680.45045045,7.31235227353,2.8993013498e-06,-0.00839170369977
1682.52252252,7.31104122803,1.10892875463e-06,-0.00838423464616
1684.59459459,7.31200909918,4.58901637343e-06,-0.00837473487614
1686.66666667,7.31297697053,5.83138245238e-06,-0.00836523513126
1688.73873874,7.31394484231,2.35638960968e-06,-0.00835573543941
1690.81081081,7.31627363168,2.05873870913e-06,-0.00834753347257
1692.88288288,7.31764048435,2.44718698638e-06,-0.00834046459776
1694.95495495,7.31687879778,1.82339412671e-06,-0.00833257171762
1697.02702703,7.31783325012,5.222768061e-06,-0.00832315975222
1699.0990991,7.31878770281,5.01858458021e-06,-0.00831374782862
1701.17117117,7.3197421558,1.62436666652e-06,-0.00830433594204
1703.24324324,7.32257858603,2.67983707484e-06,-0.00829668348223
1705.31531532,7.32285879636,1.95638110652e-06,-0.0082896179241
1707.38738739,7.32263320198,2.50571904657e-06,-0.00828131836387
1709.45945946,7.3235745623,5.82692574165e-06,-0.00827199359433
1711.53153153,7.3245159231,4.24237763907e-06,-0.00826266888359
1713.6036036,7.32545728407,9.26386666809e-07,-0.0082533441936
1715.67567568,7.32878902755,3.33168037828e-06,-0.0082462126543
1717.74774775,7.32800891378,1.42987523383e-06,-0.00823916374801
1719.81981982,7.32830651783,3.15741744036e-06,-0.008230475287
1721.89189189,7.32923510222,6.40290124653e-06,-0.00822123712617
1723.96396396,7.33016368725,3.50107592271e-06,-0.00821199904134
1726.03603604,7.33146440985,1.16218249916e-06,-0.00820309638759
1728.10810811,7.3346466253,3.71465090492e-06,-0.00819612210755
1730.18018018,7.33309248462,8.70474109409e-07,-0.00818910220702
1732.25225225,7.33390075306,3.77992391565e-06,-0.00818004319583
1734.32432432,7.33481686751,5.95985857172e-06,-0.00817089111019
1736.3963964,7.33573298252,2.7930837981e-06,-0.00816173909253
1738.46846847,7.33753529527,1.79749063893e-06,-0.00815337263023
1740.54054054,7.33964784816,3.19545305073e-06,-0.00814641471536
1742.61261261,7.33851390846,1.27361339689e-06,-0.00813908945946
1744.68468468,7.33941784877,4.37459765006e-06,-0.00813002293225
1746.75675676,7.34032178933,5.21248374339e-06,-0.00812095643456
1748.82882883,7.34122573033,2.11688970192e-06,-0.00811188998821
1750.9009009,7.34351774808,2.46022450413e-06,-0.00810403491043
1752.97297297,7.34458591819,2.6445943528e-06,-0.00809710190557
1755.04504505,7.34396762924,1.91069913246e-06,-0.00808939693976
1757.11711712,7.3448596821,4.94272436974e-06,-0.00808041556236
1759.18918919,7.34575173537,4.49763754968e-06,-0.00807143423157
1761.26126126,7.34664378893,1.47105844472e-06,-0.00806245293541
1763.33333333,7.34941394722,3.14810979383e-06,-0.00805508699925
1765.40540541,7.34946232287,2.06456055107e-06,-0.0080481845254
1767.47747748,7.34934762601,2.52037516061e-06,-0.00804011906665
1769.54954955,7.35022806894,5.48552208797e-06,-0.00803122251531
1771.62162162,7.35110851243,3.81387423352e-06,-0.00802232602791
1773.69369369,7.35198895608,8.54227828644e-07,-0.00801342955828
1775.76576577,7.35522600018,3.85901720329e-06,-0.00800653294113
1777.83783784,7.35427850223,1.45768039139e-06,-0.0079996639983
1779.90990991,7.35465566456,3.10387691677e-06,-0.0079912577252
1781.98198198,7.35552476637,6.00414665492e-06,-0.00798244580878
1784.05405405,7.3563938689,3.15982193284e-06,-0.00797363397373
1786.12612613,7.3577167971,1.42552610116e-06,-0.007965202543
1788.1981982,7.36050553568,3.9859334683e-06,-0.0079583764863
1790.27027027,7.35903585073,8.26137642535e-07,-0.00795154256975
1792.34234234,7.35989345393,3.66237819527e-06,-0.0079428156085
1794.41441441,7.3607514752,5.36588976733e-06,-0.00793408832379
1796.48648649,7.36160949706,2.5341785691e-06,-0.00792536110498
1798.55855856,7.36340502408,2.1236154442e-06,-0.00791741095371
1800.63063063,7.365189244,3.38473649089e-06,-0.00791062167465
1802.7027027,7.36421545585,1.42077568086e-06,-0.00790343899278
1804.77477477,7.36506264867,4.1969921126e-06,-0.00789479650348
1806.84684685,7.36590984179,4.70626537461e-06,-0.00788615404796
1808.91891892,7.36675703537,1.93570596568e-06,-0.00787751164132
1810.99099099,7.36901429567,2.84214364216e-06,-0.00787002626425
1813.06306306,7.36981701316,2.75982239631e-06,-0.00786327388163
1815.13513514,7.3693282418,1.99187789018e-06,-0.00785576283397
1817.20720721,7.37016485097,4.70877542143e-06,-0.0078472056237
1819.27927928,7.37100146061,4.07441854168e-06,-0.00783864846464
1821.35135135,7.37183807055,1.36322794255e-06,-0.00783009133732
1823.42342342,7.37454648066,3.57933586516e-06,-0.00782305643274
1825.4954955,7.37439010695,2.11313044504e-06,-0.00781633928318
1827.56756757,7.37437535009,2.53943835823e-06,-0.00780852114422
1829.63963964,7.37520161282,5.19873212177e-06,-0.00780005001358
1831.71171171,7.3760278762,3.46916520349e-06,-0.00779157895155
1833.78378378,7.37691359472,9.73580898094e-07,-0.00778315587925
1835.85585586,7.38000338886,4.3335324757e-06,-0.00777651131434
1837.92792793,7.37890975059,1.44648028883e-06,-0.00776982622503
1840,7.37935829159,3.06447554984e-06,-0.00776172285054
1842.07207207,7.38017443798,5.48691609026e-06,-0.00775333901161
1844.14414414,7.38099058514,2.88937985344e-06,-0.00774495525289
1846.21621622,7.38233258685,1.70144538137e-06,-0.00773699300055
1848.28828829,7.38476829066,4.15742919165e-06,-0.00773039491925
1850.36036036,7.38347227744,1.01897809413e-06,-0.00772367449948
1852.43243243,7.38427853065,3.56795417702e-06,-0.00771537965525
1854.5045045,7.38508478405,4.87711430606e-06,-0.0077070848313
1856.57657658,7.38589103807,2.33398915016e-06,-0.00769879007036
1858.64864865,7.3876790983,2.44578666479e-06,-0.00769127796979
1860.72072072,7.38916951691,3.49512176206e-06,-0.00768472037433
1862.79279279,7.38834091031,1.55464890907e-06,-0.0076777102259
1864.86486486,7.38913748696,4.05078997268e-06,-0.00766950669881
1866.93693694,7.38993406398,4.29221727628e-06,-0.00766130320952
1869.00900901,7.39073064144,1.80197213998e-06,-0.00765309976602
1871.08108108,7.39295479292,3.20512931884e-06,-0.00764602939231
1873.15315315,7.39352096201,2.81528696984e-06,-0.00763950848915
1875.22522523,7.39314942697,2.06907413567e-06,-0.00763223253893
1877.2972973,7.39393653732,4.51385286019e-06,-0.00762412339381
1879.36936937,7.39472364823,3.73119713959e-06,-0.00761601430413
1881.44144144,7.39551075941,1.29235795382e-06,-0.00760790524289
1883.51351351,7.3981612839,3.97809770084e-06,-0.00760127046028
1885.58558559,7.39782370784,2.11943315284e-06,-0.00759478198781
1887.65765766,7.39789916923,2.56313523574e-06,-0.00758726520696
1889.72972973,7.39867701745,4.9579693068e-06,-0.00757925441836
1891.8018018,7.3994548664,3.19307560364e-06,-0.0075712437031
1893.87387387,7.40038198994,1.21809956758e-06,-0.00756335086055
1895.94594595,7.4033001358,4.76341090066e-06,-0.00755703005684
1898.01801802,7.40207880517,1.40896622621e-06,-0.00755056970312
1900.09009009,7.40259143917,3.03766667124e-06,-0.00754283831933
1902.16216216,7.4033602236,5.01715249796e-06,-0.00753493098292
1904.23423423,7.40412900883,2.67691859148e-06,-0.00752702372507
1906.30630631,7.40548721512,1.98397660706e-06,-0.00751958145024
1908.37837838,7.40760524806,4.25501033776e-06,-0.007513313448
1910.45045045,7.40646758756,1.1944722969e-06,-0.00750678723318
1912.52252252,7.4072275007,3.4934623527e-06,-0.00749898979539
1914.59459459,7.40798741408,4.47477057004e-06,-0.00749119238234
1916.66666667,7.40874732809,2.18183906775e-06,-0.00748339503075
1918.73873874,7.41052721648,2.76181104038e-06,-0.00747640257554
1920.81081081,7.41175403788,3.54781802452e-06,-0.00747018167159
1922.88288288,7.41105735192,1.67828714327e-06,-0.00746344669557
1924.95495495,7.41180858095,3.9312797665e-06,-0.00745576731546
1927.02702703,7.41255981042,3.95389244566e-06,-0.00744808797847
1929.0990991,7.41331104034,1.70699570818e-06,-0.00744040868535
1931.17117117,7.41550343811,3.55049761773e-06,-0.00743386840952
1933.24324324,7.41585834434,2.82788760843e-06,-0.0074276939697
1935.31531532,7.41559314478,2.14362492828e-06,-0.00742078182286
1937.38738739,7.41633587148,4.35184021905e-06,-0.00741323075247
1939.45945946,7.41707859881,3.45367158439e-06,-0.00740567974385
1941.53153153,7.41782132641,1.25158870951e-06,-0.00739812876117
1943.6036036,7.42041728161,4.34903134364e-06,-0.00739204655028
1945.67567568,7.41991910074,2.09636173289e-06,-0.00738592010388
1947.74774775,7.42007612823,2.59121489141e-06,-0.00737886520056
1949.81981982,7.42081052911,4.75582847563e-06,-0.0073714553087
1951.89189189,7.42154493082,2.97330162682e-06,-0.00736404549749
1953.96396396,7.42250882241,1.47596548046e-06,-0.0073568183231
1956.03603604,7.42520012116,5.02860653465e-06,-0.00735101678956
1958.10810811,7.42393721386,1.35428620853e-06,-0.00734494780955
1960.18018018,7.42450743013,3.02175556223e-06,-0.00733778808581
1962.25225225,7.42523367653,4.62796109891e-06,-0.00733053553198
1964.32432432,7.42595992374,2.5120205187e-06,-0.00732328305585
1966.3963964,7.42733170767,2.26927750908e-06,-0.00731654714014
1968.46846847,7.42916315507,4.29924721811e-06,-0.00731083220937
1970.54054054,7.4281698864,1.35514298543e-06,-0.00730474040323
1972.61261261,7.42888814395,3.43592002255e-06,-0.0072976654491
1974.68468468,7.4296064018,4.14363863449e-06,-0.00729059052399
1976.75675676,7.43032466029,2.06910727983e-06,-0.00728351565768
1978.82882883,7.43209566575,3.07138624848e-06,-0.00727728916505
1980.9009009,7.43308545163,3.5598755667e-06,-0.0072716744092
1982.97297297,7.43250889896,1.79388687158e-06,-0.00726551434803
1985.04504505,7.43321932792,3.83435864833e-06,-0.00725864254881
1987.11711712,7.43392975739,3.67805891572e-06,-0.00725177079642
1989.18918919,7.4346401873,1.64387386071e-06,-0.00724489908408
1991.26126126,7.4368019453,3.88167006839e-06,-0.00723920729467
1993.33333333,7.43696783094,2.81134849443e-06,-0.00723371398127
1995.40540541,7.43679924817,2.21649593816e-06,-0.00722754013468
1997.47747748,7.43750200251,4.21770261881e-06,-0.0072209037454
1999.54954955,7.43820475757,3.23053252029e-06,-0.00721426742052
2001.62162162,7.43890751288,1.23565397306e-06,-0.00720763111736
2003.69369369,7.44145174977,4.69970042841e-06,-0.00720250821705
2005.76576577,7.44081108085,2.05437238762e-06,-0.00719716818546
2007.83783784,7.44104191999,2.62361457378e-06,-0.00719104400841
2009.90990991,7.44173714628,4.58658553103e-06,-0.00718468398932
2011.98198198,7.4424323735,2.80040079298e-06,-0.00717832405198
2014.05405405,7.4434288108,1.74308250966e-06,-0.00717221498621
2016.12612613,7.44581398541,5.06526149704e-06,-0.00716743412053
2018.1981982,7.44461594801,1.28946252196e-06,-0.00716231594677
2020.27027027,7.44523785052,3.0159072618e-06,-0.00715631629347
2022.34234234,7.4459256874,4.30640485809e-06,-0.00715028471929
2024.41441441,7.44661352511,2.38703262191e-06,-0.00714425321612
2026.48648649,7.44799642759,2.55782660314e-06,-0.00713881005921
2028.55855856,7.44956870636,4.31128656964e-06,-0.00713429271867
2030.63063063,7.44870734809,1.50439115792e-06,-0.00712936609211
2032.7027027,7.44938792005,3.39408013374e-06,-0.00712373000539
2034.77477477,7.45006849239,3.87302310611e-06,-0.00711809395073
2036.84684685,7.45074906536,1.98978672403e-06,-0.00711245794976
2038.91891892,7.45251039356,3.38069805295e-06,-0.00710775576121
2040.99099099,7.45328653806,3.54989648416e-06,-0.00710358420243
2043.06306306,7.45281949116,1.9041965677e-06,-0.00709892714493
2045.13513514,7.45349291643,3.75907167139e-06,-0.00709377172161
2047.20720721,7.45416634229,3.45639578325e-06,-0.00708861634955
2049.27927928,7.45483976857,1.60801172194e-06,-0.00708346101421
2051.35135135,7.45697167453,4.21245892228e-06,-0.00707959670923
2053.42342342,7.45696808145,2.78111498745e-06,-0.00707588294822
2055.4954955,7.45688720755,2.29038129995e-06,-0.00707162949477
2057.56756757,7.45755355326,4.11180153571e-06,-0.00706706820769
2059.63963964,7.45821989979,3.05579313231e-06,-0.00706250699296
2061.71171171,7.45888624653,1.24090245052e-06,-0.00705794579731
2063.78378378,7.46138095787,5.05478630142e-06,-0.00705506034731
2065.85585586,7.46061354072,2.00448031225e-06,-0.00705197556158
2067.92792793,7.46091088137,2.66475476334e-06,-0.00704829042624
2070,7.46157028825,4.45527748013e-06,-0.00704446126717
