y,U_0,U_1,U_2
0,7.9994015519,0,0
2.5250501002,8.00366335074,5.17044437686e-08,-4.00783996271e-05
5.0501002004,8.00721740696,1.47409591492e-06,-8.74046250622e-05
7.5751503006,8.01076595753,2.92301716813e-06,-0.000134644228105
10.1002004008,8.01423625443,4.63716755957e-06,-0.000181849573423
12.625250501,8.01742915702,7.8127190059e-06,-0.000229111961823
15.1503006012,8.02086592079,1.08717514682e-05,-0.000278338213001
17.6753507014,8.02386146684,1.36353464879e-05,-0.000331507260362
20.2004008016,8.02684944049,1.64451654357e-05,-0.000384842397345
22.7254509018,8.02965553363,1.91194008749e-05,-0.000438011383793
25.250501002,8.03248860808,2.16440074063e-05,-0.00049067798968
27.7755511022,8.03526297024,2.4025744696e-05,-0.000545345284131
30.3006012024,8.03778618278,2.62692610446e-05,-0.000601542517797
32.8256513026,8.04030195359,2.8559157918e-05,-0.000657952973155
35.3507014028,8.04251942712,3.05990748915e-05,-0.000713132938649
37.875751503,8.04501916271,3.2641579784e-05,-0.000767165732887
40.4008016032,8.04719820578,3.41774286609e-05,-0.000822722443337
42.9258517034,8.04928603945,3.56278991522e-05,-0.000878662926399
45.4509018036,8.05136873103,3.71088614035e-05,-0.00093472719394
47.9759519038,8.05303527235,3.78346316936e-05,-0.000988005743238
50.501002004,8.05520028898,3.8610809276e-05,-0.00104024854991
53.0260521042,8.0569035449,3.89301078842e-05,-0.00109317711163
55.5511022044,8.05860207332,3.92753960253e-05,-0.00114617908911
58.0761523046,8.06023368666,3.95297688937e-05,-0.0011986726149
60.6012024048,8.06160842393,3.91418708368e-05,-0.00124747298733
63.126252505,8.06328675705,3.87297829457e-05,-0.00129560633156
65.6513026052,8.06465348878,3.80751951805e-05,-0.00134374914753
68.1763527054,8.06601403707,3.74513482834e-05,-0.0013919273882
70.7014028056,8.06719733297,3.65773446454e-05,-0.00143837090303
73.2264529058,8.06839839428,3.53051199204e-05,-0.00148155330831
75.751503006,8.06966120796,3.39416588133e-05,-0.00152400787954
78.2765531062,8.07074333392,3.25100358336e-05,-0.00156630496483
80.8016032064,8.07181961775,3.11038272317e-05,-0.00160857737763
83.3266533066,8.07261413364,2.94265209444e-05,-0.00164792719909
85.8517034068,8.07370326269,2.74940512178e-05,-0.00168476325654
88.376753507,8.07462053484,2.55258817789e-05,-0.00172089355245
90.9018036072,8.07546837525,2.35653347358e-05,-0.00175691332194
93.4268537074,8.07631243842,2.16185694573e-05,-0.00179288056669
95.9519038076,8.07677818454,1.95181730454e-05,-0.00182498073876
98.4769539078,8.07778129951,1.7103333126e-05,-0.00185527705473
101.002004008,8.07844520564,1.48182670829e-05,-0.00188515254408
103.527054108,8.07910599752,1.25420733006e-05,-0.00191495579336
106.052104208,8.07971200485,1.0281767742e-05,-0.00194420912153
108.577154309,8.08010376034,7.97539579843e-06,-0.00196970006499
111.102204409,8.08086723735,5.36777964722e-06,-0.00199398283993
113.627254509,8.08138637101,2.93651730513e-06,-0.00201808764369
116.152304609,8.08190174023,5.1247802311e-07,-0.00204207147408
118.677354709,8.08226795239,-1.79527405339e-06,-0.0020647869376
121.20240481,8.08269216624,-4.24281090254e-06,-0.00208463315062
123.72745491,8.08324977566,-6.85401276812e-06,-0.00210357896984
126.25250501,8.08365877727,-9.31781723185e-06,-0.00212248992407
128.77755511,8.08406444143,-1.17789269819e-05,-0.00214126455017
131.30260521,8.08423365494,-1.39301342394e-05,-0.00215839303644
133.827655311,8.08472459441,-1.65314448225e-05,-0.00217315002293
136.352705411,8.08511263302,-1.90397253767e-05,-0.00218753841731
138.877755511,8.08543998418,-2.14770342589e-05,-0.00220190755229
141.402805611,8.0857653451,-2.39154415775e-05,-0.00221617813016
143.927855711,8.08577270977,-2.57885706401e-05,-0.00222875034025
146.452905812,8.08633295446,-2.85685986781e-05,-0.00223902218387
148.977955912,8.08660348339,-3.09619090544e-05,-0.00224962118715
151.503006012,8.08687254752,-3.33585087807e-05,-0.00226013465689
154.028056112,8.08709885038,-3.56670059489e-05,-0.00227043704788
156.553106212,8.08715448533,-3.75672519898e-05,-0.00227907987566
159.078156313,8.08760715202,-4.02596140711e-05,-0.00228607025328
161.603206413,8.08783788759,-4.26265508378e-05,-0.00229348763491
164.128256513,8.08806698181,-4.50006966955e-05,-0.00230079376527
166.653306613,8.08817024438,-4.70664328179e-05,-0.00230782513699
169.178356713,8.08835522047,-4.92259424251e-05,-0.00231320670447
171.703406814,8.08869941596,-5.18222015596e-05,-0.00231766586592
174.228456914,8.0889041422,-5.42030286563e-05,-0.0023224650422
176.753507014,8.08910749344,-5.65937086785e-05,-0.00232715679997
179.278557114,8.08910528105,-5.84296967204e-05,-0.00233174489901
181.803607214,8.08943098711,-6.09719986959e-05,-0.00233427463767
184.328657315,8.08967955495,-6.35133392198e-05,-0.00233679451032
186.853707415,8.08986870814,-6.59628469135e-05,-0.00233945801993
189.378757515,8.09005709988,-6.84206103948e-05,-0.00234205292545
191.903807615,8.08996231756,-7.00658780008e-05,-0.00234488879165
194.428857715,8.09041727429,-7.30794522735e-05,-0.00234498070452
196.953907816,8.09059939487,-7.56488778806e-05,-0.00234598598624
199.478957916,8.09078101414,-7.82262736051e-05,-0.00234693869331
202.004008016,8.09092702411,-8.07037000422e-05,-0.0023479254847
204.529058116,8.09091807919,-8.26724763167e-05,-0.00234884397052
207.054108216,8.0913163862,-8.58127359753e-05,-0.00234767395728
209.579158317,8.09149693815,-8.85660034211e-05,-0.00234733170818
212.104208417,8.09167697422,-9.13312726954e-05,-0.00234692511094
214.629258517,8.09174263282,-9.37453910615e-05,-0.00234684936925
217.154308617,8.09189398641,-9.63472877258e-05,-0.00234591439482
219.679358717,8.0922164842,-9.9601677113e-05,-0.00234393923025
222.204408818,8.09239972742,-0.000102596811748,-0.00234252708633
224.729458918,8.09258257578,-0.00010560578744,-0.00234105381427
227.254509018,8.09257325375,-0.000108003720461,-0.00234031551926
229.779559118,8.09288826048,-0.00011134968484,-0.00233770588856
232.304609218,8.0931385487,-0.000114756577554,-0.00233520260818
234.829659319,8.09332757326,-0.000118046983562,-0.00233294396857
237.354709419,8.09351641184,-0.00012134803471,-0.0023306464042
239.879759519,8.09343574655,-0.00012376843808,-0.00232956006527
242.404809619,8.09390030594,-0.000127928051972,-0.00232550267457
244.929859719,8.09409745764,-0.000131545290487,-0.00232262305774
247.45490982,8.09429452293,-0.000135172427025,-0.00231971356805
249.97995992,8.0944602242,-0.000138701292666,-0.00231694000868
252.50501002,8.0944698483,-0.000141701332186,-0.0023149028461
255.03006012,8.09489675094,-0.000146194878469,-0.00231052142935
257.55511022,8.09510339528,-0.000150169740246,-0.00230716909964
260.080160321,8.09531000953,-0.000154160759869,-0.00230377691916
262.605210421,8.09540741863,-0.000157772065162,-0.00230097732125
265.130260521,8.09558614088,-0.000161682816992,-0.0022977286398
267.655310621,8.09594572414,-0.000166394762351,-0.00229336862066
270.180360721,8.09616265038,-0.000170730655815,-0.00228969666924
272.705410822,8.09637964879,-0.000175088857432,-0.00228598027831
275.230460922,8.09640956486,-0.000178755327015,-0.00228336847718
277.755511022,8.0967584544,-0.000183643131018,-0.00227902975748
280.280561122,8.09705046576,-0.000188498596677,-0.00227488048636
282.805611222,8.09727779356,-0.00019316564692,-0.0022710422576
285.330661323,8.09750526524,-0.000197854252207,-0.00226716949518
287.855711423,8.09746746168,-0.000201491339387,-0.00226496100105
290.380761523,8.09797324406,-0.000207346023003,-0.00225975052907
292.905811623,8.09820998854,-0.000212227855761,-0.00225596420576
295.430861723,8.09844695362,-0.000217134750016,-0.00225214530728
297.955911824,8.09865575038,-0.000221937677285,-0.00224848978114
300.480961924,8.09870014951,-0.000226029872734,-0.00224605630214
303.006012024,8.09917348576,-0.000231982841882,-0.00224123656977
305.531062124,8.09941752969,-0.000236894587309,-0.00223772729943
308.056112224,8.09966210042,-0.000241858434721,-0.00223416196208
310.581162325,8.09979975654,-0.000246310471286,-0.00223133836958
313.106212425,8.10001145152,-0.00025108156547,-0.00222840720584
315.631262525,8.10041038546,-0.000256555969427,-0.00222454894364
318.156312625,8.10065756497,-0.000261158656648,-0.0022216369717
320.681362725,8.10090571316,-0.000265849170956,-0.00221864475539
323.206412826,8.10096686737,-0.000269478487761,-0.00221705917701
325.731462926,8.1013425456,-0.000274663605486,-0.00221397190979
328.256513026,8.10165746074,-0.000278917437887,-0.00221160977131
330.781563126,8.10190072681,-0.000282673206984,-0.00220972211302
333.306613226,8.10214510503,-0.000286522868574,-0.00220775979993
335.831663327,8.1021202078,-0.000288547910886,-0.00220797757929
338.356713427,8.10264138745,-0.000293539274569,-0.00220530718838
340.881763527,8.10286744802,-0.000295480974279,-0.00220512754479
343.406813627,8.10309488002,-0.000297530411588,-0.00220487176685
345.931863727,8.1032969971,-0.000299446712082,-0.00220478766121
348.456913828,8.10331568883,-0.000299586599299,-0.00220669704528
350.981963928,8.10377075091,-0.000301743634538,-0.00220655153046
353.507014028,8.1039602843,-0.000300587604685,-0.00220889318474
356.032064128,8.10415277578,-0.000299645964258,-0.00221109799262
358.557114228,8.1042351354,-0.000297617725829,-0.00221433545736
361.082164329,8.10437460047,-0.000295137381106,-0.00221815334951
363.607214429,8.10468345478,-0.000291901549653,-0.00222210986041
366.132264529,8.10480602584,-0.000285780399386,-0.00222808186599
368.657314629,8.10493365588,-0.0002799929599,-0.00223385941426
371.182364729,8.10485901928,-0.000271629021657,-0.00224176429663
373.70741483,8.10508531399,-0.000264517820019,-0.00224866739322
376.23246493,8.10519094205,-0.000252647217881,-0.00225851282788
378.75751503,8.10520228828,-0.000239109260125,-0.00226948571688
381.28256513,8.10521888533,-0.000225880739227,-0.00228029343597
383.80761523,8.1049300655,-0.000207898749602,-0.00229457960452
386.332665331,8.10517744753,-0.000193046600667,-0.00230620683184
388.857715431,8.10500717432,-0.000168603001727,-0.00232400880843
391.382765531,8.10484245146,-0.000144444053421,-0.0023416726711
393.907815631,8.10465412126,-0.000119999799803,-0.00235956186358
396.432865731,8.10420754005,-8.94949405751e-05,-0.00238124382412
398.957915832,8.10415809271,-5.94167331495e-05,-0.00240185865886
401.482965932,8.1037171222,-2.03601999707e-05,-0.00242828462902
404.008016032,8.103286554,1.82504237683e-05,-0.00245451977388
406.533066132,8.10271956944,5.9665647483e-05,-0.00248240549556
409.058116232,8.10212149437,0.000105689251873,-0.00251229151068
411.583166333,8.10157950328,0.000156750177293,-0.00254470601868
414.108216433,8.10074828734,0.000214547647079,-0.00258154902128
416.633266533,8.09993238098,0.000271834081968,-0.00261821667573
419.158316633,8.09884093396,0.000335362605695,-0.00265810191154
421.683366733,8.09793909738,0.000401870389583,-0.00269789538335
424.208416834,8.09672221328,0.000478936646478,-0.00274418004585
426.733466934,8.09535441506,0.000559358406901,-0.00279279996685
429.258517034,8.09399962649,0.000639490690426,-0.00284137126234
431.783567134,8.09219824802,0.000729918891319,-0.00289451323726
434.308617234,8.09078221844,0.000822112557625,-0.00294550850931
436.833667335,8.08869021699,0.000928444394596,-0.00300639063385
439.358717435,8.08660864695,0.00103469032926,-0.00306733075444
441.883767535,8.08449801306,0.0011416984135,-0.00312861886397
444.408817635,8.08187908454,0.00126178007827,-0.00319393632131
446.933867735,8.07944555714,0.00138631323431,-0.00325896696226
449.458917836,8.07643687582,0.0015198514646,-0.00333116971288
451.983967936,8.07344258753,0.0016535611743,-0.00340363370472
454.509018036,8.07023568968,0.0017915282657,-0.00347716628366
457.034068136,8.06669199778,0.00194064632155,-0.00355167562697
459.559118236,8.06295286716,0.0020964181927,-0.00362858594129
462.084168337,8.05882191202,0.00225621278209,-0.00370955750901
464.609218437,8.05470475264,0.00241669608374,-0.00379108184627
467.134268537,8.05015319445,0.00258392593115,-0.00387293173767
469.659318637,8.04540925351,0.00276115663161,-0.00395321055517
472.184368737,8.04014847917,0.00294260368905,-0.00403728642347
474.709418838,8.03469874902,0.00312498960913,-0.00412309833236
477.234468938,8.02925363269,0.00330830271629,-0.00420946817672
479.759519038,8.02312577149,0.00349864419279,-0.00429350161716
482.284569138,8.01690763999,0.0036994342163,-0.00437457783555
484.809619238,8.00997111721,0.00389622136691,-0.00445978337546
487.334669339,8.00303145976,0.00409401043755,-0.00454546083017
489.859719439,7.99604304243,0.00429285636209,-0.00463120864521
492.384769539,7.98819946846,0.0044965234007,-0.00471008853332
494.909819639,7.9801394718,0.00470687759354,-0.00478745355558
497.434869739,7.97161844351,0.00490705462622,-0.00486738516028
499.95991984,7.96307952086,0.00510913556234,-0.00494800652154
502.48496994,7.9542715502,0.00531033608743,-0.00502572694754
505.01002004,7.94474978435,0.00551367287601,-0.00509487481482
507.53507014,7.93486789271,0.00571356290827,-0.00516404247564
510.06012024,7.92476923068,0.00590188405641,-0.00523521261502
512.585170341,7.91462723502,0.00609299312014,-0.00530713078712
515.110220441,7.90404896923,0.00627596753405,-0.00537203109343
517.635270541,7.89284254909,0.00646180372342,-0.00542848590223
520.160320641,7.88136898565,0.00662794288981,-0.00548812558765
522.685370741,7.86983591293,0.00678651166148,-0.00554947241668
525.210420842,7.85825325654,0.00694725225099,-0.00561123540214
527.735470942,7.8461815617,0.0070870876996,-0.00566216556393
530.260521042,7.83346337871,0.00723514726621,-0.00570575622978
532.785571142,7.82087278398,0.00734260091225,-0.00575827785503
535.310621242,7.80823583853,0.00745129706135,-0.00581103340973
537.835671343,7.79554147265,0.00755972060441,-0.0058634373687
540.360721443,7.78242825941,0.00763429155235,-0.00590282803505
542.885771543,7.76882859318,0.00770968151007,-0.0059400452802
545.410821643,7.75568564353,0.00774806002348,-0.00598700883072
547.935871743,7.74245953813,0.00778799971289,-0.00603416794096
550.460921844,7.72922350021,0.00781489457968,-0.0060783813863
552.985971944,7.71568191859,0.00781401873568,-0.00611235329355
555.511022044,7.70211566348,0.0077961992149,-0.00614924646136
558.036072144,7.68907709188,0.00775215603766,-0.00619381518592
560.561122244,7.67592256854,0.00770908565939,-0.00623861777219
563.086172345,7.66303028405,0.00763811641016,-0.00627932288495
565.611222445,7.64972905388,0.00755082117398,-0.00631107219916
568.136272545,7.63713981544,0.00743125430879,-0.00635098867473
570.661322645,7.62489899182,0.00729866514013,-0.00639495939045
573.186372745,7.61257224741,0.00716587021657,-0.00643915385944
575.711422846,7.60097576121,0.00699193536898,-0.00647920226383
578.236472946,7.588619363,0.00681554575584,-0.00650959915805
580.761523046,7.57790834088,0.00659771138741,-0.00655190135849
583.286573146,7.56716808029,0.00637849117122,-0.0065945811416
585.811623246,7.55641984749,0.00615692906147,-0.00663732762333
588.336673347,7.54681138063,0.00588976486413,-0.00667493971026
590.861723447,7.53668676925,0.00562147446108,-0.00670555568005
593.386773547,7.52812703307,0.00532776835693,-0.00674350560863
595.911823647,7.51950273095,0.00503199809757,-0.00678178103994
598.436873747,7.51132738982,0.00472434493223,-0.0068192501156
600.961923848,7.50390559268,0.00438991105722,-0.00684996886141
603.486973948,7.49680349403,0.00404878291641,-0.0068761305258
606.012024048,7.49083711388,0.00369686036617,-0.00690510250248
608.537074148,7.48481133509,0.00334134036411,-0.0069344461729
611.062124248,7.47980730638,0.00297049248539,-0.00696219690012
613.587174349,7.47495455977,0.00258791594887,-0.00698080535127
616.112224449,7.47128694113,0.00220131690429,-0.00699610382066
618.637274549,7.46821871101,0.00181173794843,-0.00701192121688
621.162324649,7.46512758963,0.0014190425952,-0.00702790135079
623.687374749,7.46367387335,0.00101376019483,-0.00704199257213
626.21242485,7.46162139269,0.000605742341159,-0.00704444558492
628.73747495,7.46157051004,0.000204574987664,-0.00704445719748
631.26252505,7.46157044408,-0.000198611660189,-0.00704444828089
633.78757515,7.46162119472,-0.000604034405435,-0.00704441884598
636.312625251,7.46367353891,-0.00101205056469,-0.0070419484632
638.837675351,7.46512024648,-0.00141639671129,-0.00702788914073
641.362725451,7.46818062907,-0.00180492172251,-0.00701211118083
643.887775551,7.47126390493,-0.00219656318968,-0.00699617073843
646.412825651,7.47495373947,-0.00258619995004,-0.00698069905294
648.937875752,7.47980637612,-0.00296877334154,-0.00696207795192
651.462925852,7.48478211883,-0.00333791176099,-0.00693449110951
653.987975952,7.49074811599,-0.00368981329584,-0.0069055087953
656.513026052,7.49677351392,-0.00404531239118,-0.00687615504702
659.038076152,7.50390426685,-0.00438817702643,-0.00684980217432
661.563126253,7.51132596947,-0.00472260671184,-0.00681907239955
664.088176353,7.51943984408,-0.00502829280628,-0.00678190219981
666.613226453,7.52802020945,-0.00532265574972,-0.00674383757954
669.138276553,7.53666514209,-0.00561908293285,-0.0067054476255
671.663326653,7.54680964124,-0.005888005056,-0.00667472188609
674.188376754,7.55641803434,-0.00615516446525,-0.00663710049983
676.713426854,7.56706461301,-0.00637519820861,-0.00659472382519
679.238476954,7.57780281565,-0.00659438227823,-0.00655204321032
681.763527054,7.58861737662,-0.00681376267299,-0.00650934719101
684.288577154,7.60097372866,-0.00699014510076,-0.00647894356228
686.813627255,7.61254513783,-0.00716401459014,-0.00643895324044
689.338677355,7.6247554415,-0.00729652409505,-0.00639505555049
691.863727455,7.63705166659,-0.00742923943071,-0.00635093421562
694.388777555,7.64972688614,-0.0075490054345,-0.00631078792336
696.913827655,7.66302809817,-0.00763629392529,-0.00627903361898
699.438877756,7.67586594605,-0.00770771392424,-0.00623843323296
701.963927856,7.6889028322,-0.00775176463704,-0.00619386332339
704.488977956,7.70205567048,-0.00779484264899,-0.0061490596644
707.014028056,7.71567971327,-0.00781217055017,-0.0061120462256
709.539078156,7.72922130327,-0.0078130406469,-0.00607807086236
712.064128257,7.74238031743,-0.00778758647861,-0.00603403523447
714.589178357,7.75554859476,-0.00774872686064,-0.0059870089815
717.114228457,7.76880002778,-0.00770830613641,-0.00593978723446
719.639278557,7.78242614768,-0.0076324138684,-0.00590250556936
722.164328657,7.79553939107,-0.00755783853224,-0.00586311230281
724.689378758,7.80814685591,-0.00745201653472,-0.0058110674781
727.214428858,7.82078038219,-0.00734341913098,-0.00575832403901
729.739478958,7.83346141192,-0.007233250496,-0.00570542437672
732.264529058,7.84617964552,-0.00708518616956,-0.0056618324096
734.789579158,7.85823740052,-0.00694596041888,-0.00561101776934
737.314629259,7.86975205187,-0.00678819723705,-0.00554982410794
739.839679359,7.88131628634,-0.00662826227689,-0.0054882143206
742.364729459,7.89284083383,-0.00645988882961,-0.00542814547616
744.889779559,7.90404731229,-0.00627405002883,-0.00537168918828
747.414829659,7.91460551856,-0.00609236821738,-0.00530713430178
749.93987976,7.92470318018,-0.00590411323427,-0.00523598063508
752.46492986,7.93484417447,-0.00571307036173,-0.00516407896357
754.98997996,7.94474835403,-0.00551174857151,-0.00509452612944
757.51503006,7.95427017904,-0.00530841149305,-0.00502537681811
760.04008016,7.96306205093,-0.00510892999841,-0.00494827735224
762.565130261,7.97158829505,-0.00490820400316,-0.0048681450479
765.090180361,7.98013243268,-0.0047055741004,-0.00478732300089
767.615230461,7.98819832399,-0.00449459934875,-0.00470973143842
770.140280561,7.9960419529,-0.00429093438412,-0.00463084972431
772.665330661,8.00302479833,-0.00409388803759,-0.0045459467795
775.190380762,8.00996416867,-0.00389620915154,-0.00446031849958
777.715430862,8.01690667308,-0.00369752832162,-0.00437421830853
780.240480962,8.02312489084,-0.00349673034414,-0.00429313574246
782.765531062,8.02925405759,-0.00330664564975,-0.004209252715
785.290581162,8.03470563657,-0.00312462570358,-0.00412365706342
787.815631263,8.04015260092,-0.00294167850725,-0.00403750347788
790.340681363,8.04540855748,-0.00275925789786,-0.00395283785061
792.865731463,8.05015254315,-0.00258203190927,-0.0038725575027
795.390781563,8.05471047261,-0.0024151237401,-0.00379095970246
797.915831663,8.05884194246,-0.00225535821763,-0.00371000566889
800.440881764,8.06295961554,-0.00209490386131,-0.00362849886171
802.965931864,8.06669150197,-0.00193877380443,-0.00355129540393
805.490981964,8.07023522975,-0.00178966231681,-0.00347678488832
808.016032064,8.07345482243,-0.00165185296639,-0.00340348096898
810.541082164,8.07645961012,-0.00151827464131,-0.00333120580646
813.066132265,8.07945000406,-0.00138452470946,-0.00325866939206
815.591182365,8.08187875085,-0.00125994095071,-0.00319355040788
818.116232465,8.08449770717,-0.00113986752215,-0.00312823208745
820.641282565,8.08662656696,-0.00103271747767,-0.00306704441379
823.166332665,8.08870963913,-0.000926467168549,-0.00300611174609
825.691382766,8.09078227946,-0.000820302655349,-0.00294512106903
828.216432866,8.09219804128,-0.000728119288088,-0.00289412364461
830.741482966,8.09400285976,-0.000637624387355,-0.00284096856509
833.266533066,8.09537600394,-0.000557092920169,-0.00279232838663
835.791583166,8.09673613801,-0.00047685076726,-0.00274373681017
838.316633267,8.09793896987,-0.000400106153946,-0.00269750436207
840.841683367,8.09884082402,-0.000333607421084,-0.00265771063897
843.366733467,8.09993923009,-0.00026985704944,-0.00261774585474
845.891783567,8.10077114677,-0.000212046179194,-0.00258089498027
848.416833667,8.10158775336,-0.00015474611442,-0.00254421942458
850.941883768,8.10212144441,-0.000103971810387,-0.00251190008931
853.466933868,8.10271953237,-5.79582093893e-05,-0.00248201426364
855.991983968,8.10329544598,-1.61709444156e-05,-0.00245396523601
858.517034068,8.10373374958,2.2760880786e-05,-0.0024275886253
861.042084168,8.10416165052,6.12469825627e-05,-0.00240140280726
863.567134269,8.10420754805,9.11632248421e-05,-0.00238085332918
866.092184369,8.10465413874,0.000121657300696,-0.00235917176812
868.617234469,8.10485189696,0.000146574317153,-0.00234104860399
871.142284569,8.10501759381,0.000170772639351,-0.00232336110411
873.667334669,8.1051777401,0.000194686438096,-0.00230581168975
876.19238477,8.10493011686,0.000209516284149,-0.00229419087366
878.71743487,8.10522027102,0.000227565345932,-0.00227986363127
881.24248497,8.10521118197,0.000241225511027,-0.00226882045795
883.76753507,8.10519684191,0.000254576400116,-0.00225794241588
886.29258517,8.10508539229,0.000266093537221,-0.00224828067924
888.817635271,8.10485910341,0.000273194662634,-0.00224137787982
891.342685371,8.10493601204,0.000281697104583,-0.00223338650001
893.867735471,8.10481372599,0.000287826216093,-0.00222740429081
896.392785571,8.10468638074,0.000293621831533,-0.00222161648411
898.917835671,8.10437470555,0.000296661381447,-0.00221776895646
901.442885772,8.10423524503,0.000299131162819,-0.00221395162155
903.967935872,8.10415536053,0.000301327680219,-0.00221060048678
906.492985972,8.1039651138,0.000302421247619,-0.00220829256674
909.018036072,8.10377190884,0.000303300600907,-0.00220612144946
911.543086172,8.1033158153,0.000301058863803,-0.00220631508226
914.068136273,8.1032971272,0.000300907968501,-0.00220440628806
916.593186373,8.1030972779,0.000299158973542,-0.00220436525301
919.118236473,8.10287013078,0.00029712123727,-0.00220460592589
921.643286573,8.10264161215,0.000294975879752,-0.00220492269975
924.168336673,8.102120352,0.000289968335562,-0.00220759802269
926.693386774,8.10214552198,0.00028795484263,-0.0022073628953
929.218436874,8.1019027576,0.000284230651747,-0.00220921757204
931.743486974,8.10165888098,0.00028041270931,-0.00221114686234
934.268537074,8.10134270208,0.000276041799245,-0.0022135943736
936.793587174,8.10096702675,0.000270846603329,-0.00221668184463
939.318637275,8.10090630381,0.000267245127253,-0.00221823242843
941.843687375,8.100659191,0.000262637718015,-0.00222113949092
944.368737475,8.1004111094,0.000257942670836,-0.00222412673744
946.893787575,8.10001162176,0.000252407884334,-0.00222803128465
949.418837675,8.09979992936,0.000247626274245,-0.00223096280543
951.943887776,8.0996627044,0.000243205839109,-0.00223374116139
954.468937876,8.09941854281,0.000238271715349,-0.00223726348889
956.993987976,8.09917385433,0.000233285660968,-0.00224084183202
959.519038076,8.09870033216,0.000227304273478,-0.00224568157237
962.044088176,8.09865593522,0.000223201085038,-0.00224811534672
964.569138277,8.09844749509,0.000218427782655,-0.00225171870363
967.094188377,8.09821058413,0.000213516315865,-0.00225553004865
969.619238477,8.09797345251,0.000208579912063,-0.0022593739382
972.144288577,8.09746765546,0.000202713573143,-0.00226458673611
974.669338677,8.09750549432,0.000199070297781,-0.00226678749471
977.194388778,8.09727823593,0.000194402728272,-0.00227060954534
979.719438878,8.09705083363,0.000189713762611,-0.00227446609651
982.244488978,8.09675865608,0.000184822850374,-0.00227865562188
984.769539078,8.09640976851,0.000179924829651,-0.00228299413395
987.294589178,8.09637988566,0.000176257022966,-0.00228558655689
989.819639279,8.09616296672,0.000171912153053,-0.00228925490889
992.344689379,8.09594597557,0.000167545198203,-0.00229296767372
994.869739479,8.09558635146,0.000162809915381,-0.00229735357506
997.394789579,8.09540763082,0.000158888497376,-0.00230060201552
999.919839679,8.09531019931,0.000155279010635,-0.00230336978637
1002.44488978,8.09510356287,0.000151289938085,-0.00230673027681
1004.96993988,8.09489695651,0.000147284905293,-0.00231013060453
1007.49498998,8.0944700664,0.000142775276348,-0.00231452597946
1010.02004008,8.09446044355,0.000139764038014,-0.00231656290884
1012.54509018,8.09429460833,0.000136239694493,-0.00231928919306
1015.07014028,8.09409752133,0.000132604380121,-0.0023221901619
1017.59519038,8.09390052076,0.00012895929856,-0.00232512100992
1020.12024048,8.09343597055,0.000124788583385,-0.00232918015178
1022.64529058,8.09351659558,0.000122359116145,-0.00233025736264
1025.17034068,8.09332748081,0.000119062926585,-0.00233249610359
1027.69539078,8.09313855204,0.000115756229725,-0.00233477378353
1030.22044088,8.09288848777,0.000112325870765,-0.00233732287994
1032.74549098,8.09257348187,0.000108969201705,-0.00233993158842
1035.27054108,8.09258263426,0.000106565790909,-0.00234064279881
1037.79559118,8.09239935665,0.00010356073721,-0.00234204842717
1040.32064128,8.09221647393,0.000100542024807,-0.00234351521339
1042.84569138,8.09189421626,9.72685090532e-05,-0.00234552615942
1045.37074148,8.09174286294,9.46554788646e-05,-0.0023464598722
1047.89579158,8.09167680587,9.22391770425e-05,-0.00234648467043
1050.42084168,8.09149635696,8.94722302877e-05,-0.00234683839746
1052.94589178,8.09131642399,8.66934474008e-05,-0.00234725651138
1055.47094188,8.09091830899,8.35378885527e-05,-0.00234844895046
1057.99599198,8.09092725364,8.15574720979e-05,-0.00234752939453
1060.52104208,8.09078048008,7.90805761827e-05,-0.00234646099547
1063.04609218,8.09059871328,7.64940371095e-05,-0.00234549123445
1065.57114228,8.09041744785,7.38996484423e-05,-0.00234457408576
1068.09619238,8.08996254385,7.08741546637e-05,-0.00234448568968
1070.62124248,8.09005716529,6.9218542138e-05,-0.00234163391961
1073.14629259,8.08986762138,6.67614057552e-05,-0.00233893334061
1075.67134269,8.089678839,6.4296154001e-05,-0.00233630142155
1078.19639279,8.08943120707,6.17330718017e-05,-0.0023338640225
1080.72144289,8.08910549913,5.91791519088e-05,-0.00233133224823
1083.24649299,8.08910712492,5.73350722166e-05,-0.0023266966896
1085.77154309,8.08890225885,5.49430738673e-05,-0.00232188444777
1088.29659319,8.08869876796,5.25414194088e-05,-0.00231717971767
1090.82164329,8.08835542721,4.99271985996e-05,-0.00231278503863
1093.34669339,8.08817044788,4.7755519879e-05,-0.00230740107441
1095.87174349,8.08806594636,4.56826828385e-05,-0.00230028353784
1098.39679359,8.08783551212,4.33019654093e-05,-0.00229288416758
1100.92184369,8.08760671943,4.09142225154e-05,-0.00228559614918
1103.44689379,8.08715467061,3.82070452046e-05,-0.00227864509894
1105.97194389,8.08709903081,3.62941095856e-05,-0.00227000002581
1108.49699399,8.0868705515,3.397765005e-05,-0.00225956796672
1111.02204409,8.08660101184,3.15693664235e-05,-0.00224902408121
1113.54709419,8.08633293716,2.91579283783e-05,-0.0022385658041
1116.07214429,8.08577286261,2.63650498483e-05,-0.00222830083755
1118.59719439,8.08576509599,2.44789204459e-05,-0.00221570646663
1121.12224449,8.08543667449,2.2028999726e-05,-0.00220128136278
1123.64729459,8.08511024351,1.95781381689e-05,-0.0021869549055
1126.17234469,8.08472471078,1.70555430232e-05,-0.00217268768821
1128.69739479,8.08423376077,1.4441244033e-05,-0.0021579272762
1131.22244489,8.08406313811,1.22753854945e-05,-0.00214073868018
1133.74749499,8.0836537521,9.79774197157e-06,-0.00212180884407
1136.27254509,8.08324770404,7.32302742809e-06,-0.00210301546024
1138.79759519,8.08269222031,4.7003218868e-06,-0.00208415318687
1141.32264529,8.08226799213,2.2392849e-06,-0.00206430345465
1143.84769539,8.08189900508,-8.75575163294e-08,-0.00204149581705
1146.37274549,8.08138050528,-2.53132148315e-06,-0.00201740807651
1148.89779559,8.08086577051,-4.96762429181e-06,-0.00199344142939
1151.42284569,8.08010372891,-7.58587690179e-06,-0.00196920133985
1153.94789579,8.07971195443,-9.9060588394e-06,-0.00194370726187
1156.47294589,8.07910143281,-1.21930267216e-05,-0.00191434606415
1158.99799599,8.07843953875,-1.4486038689e-05,-0.00188451402723
1161.52304609,8.07778075944,-1.67700064981e-05,-0.00185475431108
1164.04809619,8.07677803995,-1.91970775564e-05,-0.00182446367671
1166.57314629,8.0763115649,-2.13138857284e-05,-0.00179235095294
1169.09819639,8.07546159672,-2.32957200033e-05,-0.00175629875338
1171.62324649,8.0746154064,-2.52635972243e-05,-0.00172029914807
1174.14829659,8.07370300628,-2.7227196334e-05,-0.00168423383418
1176.67334669,8.0726138461,-2.91728433022e-05,-0.00164739487723
1179.19839679,8.07181688782,-3.08739355721e-05,-0.00160803303727
1181.72344689,8.07073400892,-3.23217112135e-05,-0.0015657310284
1184.24849699,8.06965697307,-3.37438513238e-05,-0.00152345374056
1186.77354709,8.06839797247,-3.51031798361e-05,-0.0014810136229
1189.29859719,8.06719687537,-3.63879211095e-05,-0.00143783023605
1191.82364729,8.06600913067,-3.7296105265e-05,-0.00139141230783
1194.34869739,8.06464335274,-3.7957719101e-05,-0.00134326447904
1196.87374749,8.0632837591,-3.85884049863e-05,-0.00129508120209
1199.3987976,8.06160781976,-3.89997652994e-05,-0.00124693505923
1201.9238477,8.06023304521,-3.93989868017e-05,-0.0011981371328
1204.4488978,8.05859475829,-3.9191676571e-05,-0.00114575137958
1206.9739479,8.05689443688,-3.88664233167e-05,-0.00109278163848
1209.498998,8.0551988434,-3.85150674096e-05,-0.00103973839348
1212.0240481,8.05303449662,-3.77445303837e-05,-0.000987490880911
1214.5490982,8.05136702935,-3.70335274113e-05,-0.000934241896613
1217.0741483,8.04927619756,-3.56091989483e-05,-0.000878384703437
1219.5991984,8.04719050795,-3.41542793343e-05,-0.000822403549444
1222.1242485,8.0450182944,-3.25860001386e-05,-0.000766693717663
1224.6492986,8.04251854522,-3.05509145711e-05,-0.00071267518314
1227.1743487,8.04029804296,-2.85367956292e-05,-0.000657599076219
1229.6993988,8.03777383358,-2.63055368216e-05,-0.000601451882738
1232.2244489,8.03525706517,-2.40277952535e-05,-0.00054509109823
1234.749499,8.03248775264,-2.16200056198e-05,-0.000490301946655
1237.2745491,8.02965470398,-1.90999555235e-05,-0.000437660431918
1239.7995992,8.02684339607,-1.6461890179e-05,-0.000384637262665
1242.3246493,8.02384902759,-1.36951617646e-05,-0.000331477282217
1244.8496994,8.02086222957,-1.0882140903e-05,-0.000278150710064
1247.3747495,8.01742857157,-7.80773474308e-06,-0.000228894356859
1249.8997996,8.01423575856,-4.63505624892e-06,-0.000181670247905
1252.4248497,8.0107580479,-2.9583906608e-06,-0.000134390439668
1254.9498998,8.00720743098,-1.52089610373e-06,-8.71611153393e-05
1257.4749499,8.00366231755,-5.68446435358e-08,-4.00178973883e-05
1260,7.9994015519,4.31239801374e-19,-1.67751540146e-16
