y,p,k,epsilon
0,0.10942045801,0.443982494395,0.00148639424464
2.5250501002,0.109414521159,0.443688537956,0.00148471663279
5.0501002004,0.109408584308,0.443394581516,0.00148303902093
7.5751503006,0.109402647457,0.443100625077,0.00148136140907
10.1002004008,0.109396822794,0.442794096005,0.0014795992715
12.625250501,0.109390439298,0.442437359692,0.00147753167001
15.1503006012,0.109380377646,0.442149981078,0.0014760278305
17.6753507014,0.109370315994,0.441862602463,0.00147452399098
20.2004008016,0.109360254342,0.441575223849,0.00147302015147
22.7254509018,0.10935059658,0.441258368758,0.00147131448608
25.250501002,0.109341584548,0.440956903057,0.00146967668432
27.7755511022,0.109332598788,0.440717237817,0.00146842380219
30.3006012024,0.109323613028,0.440477572576,0.00146717092006
32.8256513026,0.109314627268,0.440237907335,0.00146591803793
35.3507014028,0.109306035391,0.43996467284,0.00146442555781
37.875751503,0.109297541086,0.439759384933,0.001463320685
40.4008016032,0.10928900456,0.439584093838,0.0014623962119
42.9258517034,0.109280468033,0.439408802744,0.0014614717388
45.4509018036,0.109271931507,0.43923351165,0.00146054726569
47.9759519038,0.109264031871,0.439032156819,0.00145942521815
50.501002004,0.109257684813,0.438918986649,0.00145881489947
53.0260521042,0.109251351924,0.43880669547,0.00145820973672
55.5511022044,0.109245019035,0.438694404291,0.00145760457397
58.0761523046,0.109238794824,0.438580507791,0.00145698564508
60.6012024048,0.109233646753,0.438471574833,0.00145636607576
63.126252505,0.109229757948,0.438410791474,0.00145602115036
65.6513026052,0.109225869143,0.438350008115,0.00145567622495
68.1763527054,0.109221980339,0.438289224756,0.00145533129955
70.7014028056,0.109218431079,0.438228097454,0.00145497817325
73.2264529058,0.109216302582,0.438184618418,0.00145471214342
75.751503006,0.109215104032,0.438160407612,0.00145455220641
78.2765531062,0.109213905481,0.438136196806,0.0014543922694
80.8016032064,0.109212706931,0.438111986,0.0014542323324
83.3266533066,0.109212092285,0.438090431916,0.00145408469175
85.8517034068,0.109213026804,0.438083828846,0.00145401454173
88.376753507,0.10921440133,0.438082101382,0.00145396997299
90.9018036072,0.109215775856,0.438080373917,0.00145392540426
93.4268537074,0.109217150381,0.438078646452,0.00145388083552
95.9519038076,0.109219330057,0.438081781751,0.00145386593003
98.4769539078,0.109223031072,0.438091233349,0.0014538820612
101.002004008,0.109226759501,0.438100794742,0.00145389871663
103.527054108,0.10923048793,0.438110356136,0.00145391537206
106.052104208,0.109234326007,0.438120538465,0.00145393624766
108.577154309,0.109239186046,0.438134640422,0.00145398390612
111.102204409,0.109244970008,0.438147671129,0.00145402476719
113.627254509,0.10925075397,0.438160701836,0.00145406562826
116.152304609,0.109256537932,0.438173732543,0.00145410648933
118.677354709,0.109262610103,0.438188059589,0.00145415704866
121.20240481,0.109269627,0.438202249578,0.0014542122711
123.72745491,0.109277155695,0.438213916606,0.00145425487591
126.25250501,0.10928468439,0.438225583635,0.00145429748072
128.77755511,0.109292213085,0.438237250663,0.00145434008552
131.30260521,0.10930015118,0.438250180384,0.00145439340123
133.827655311,0.109308912891,0.438259557111,0.00145443344021
136.352705411,0.109317894365,0.438267286593,0.00145446594045
138.877755511,0.109326875839,0.438275016076,0.00145449844069
141.402805611,0.109335857313,0.438282745558,0.00145453094093
143.927855711,0.109345309828,0.438291254964,0.00145457173862
146.452905812,0.109355469377,0.438294154121,0.00145458985629
148.977955912,0.109365647663,0.438296884862,0.00145460727066
151.503006012,0.109375825949,0.438299615604,0.00145462468503
154.028056112,0.109386054955,0.438302362107,0.00145464253199
156.553106212,0.109396784163,0.438304066218,0.00145465927208
159.078156313,0.109407948886,0.438301635134,0.00145466057038
161.603206413,0.10941911361,0.43829920405,0.00145466186869
164.128256513,0.109430278333,0.438296772967,0.00145466316699
166.653306613,0.109441562927,0.438294229278,0.00145466429669
169.178356713,0.109453285353,0.438289362376,0.00145465826117
171.703406814,0.109465270765,0.438282063378,0.00145464437074
174.228456914,0.109477256177,0.438274764381,0.00145463048031
176.753507014,0.109489241589,0.438267465384,0.00145461658988
179.278557114,0.109501374302,0.438259850719,0.00145460074231
181.803607214,0.109513926352,0.438249261886,0.00145457627869
184.328657315,0.109526609022,0.438237562922,0.00145454886178
186.853707415,0.109539291691,0.438225863959,0.00145452144487
189.378757515,0.109551974361,0.438214164995,0.00145449402796
191.903807615,0.109564800791,0.438201972214,0.00145446234226
194.428857715,0.109578076323,0.438186481293,0.00145442338823
196.953907816,0.109591368724,0.438170862906,0.00145438417361
199.478957916,0.109604661124,0.438155244519,0.00145434495898
202.004008016,0.109617965103,0.438139565957,0.00145430507775
204.529058116,0.109631457421,0.438122776011,0.0014542588578
207.054108216,0.109645302369,0.438103653276,0.00145420933003
209.579158317,0.109659147316,0.438084530541,0.00145415980226
212.104208417,0.109672992263,0.438065407806,0.00145411027449
214.629258517,0.109686857248,0.438046106148,0.00145405826016
217.154308617,0.109700970114,0.438025256949,0.00145400075125
219.679358717,0.109715334365,0.438002953754,0.00145394205002
222.204408818,0.109729698615,0.437980650559,0.00145388334879
224.729458918,0.109744062866,0.437958347365,0.00145382464756
227.254509018,0.109758435019,0.437935771831,0.00145376130253
229.779559118,0.109773159049,0.437911261522,0.0014536944345
232.304609218,0.109788028316,0.437886015496,0.00145362736601
234.829659319,0.109802897583,0.437860769469,0.00145356029752
237.354709419,0.109817766849,0.437835523443,0.00145349322903
239.879759519,0.109832613871,0.437809920698,0.00145341902254
242.404809619,0.109847962833,0.437782017562,0.00145334409891
244.929859719,0.109863337087,0.437754002513,0.00145326920161
247.45490982,0.10987871134,0.437725987465,0.00145319430431
249.97995992,0.109894079171,0.437697930889,0.00145311850058
252.50501002,0.109909504831,0.437669056056,0.00145303480356
255.03006012,0.109925394938,0.437638415771,0.00145295244016
257.55511022,0.109941285045,0.437607775485,0.00145287007677
260.080160321,0.109957175152,0.437577135199,0.00145278771337
262.605210421,0.109973028543,0.43754633542,0.00145270188264
265.130260521,0.109989099548,0.437514336878,0.00145261078956
267.655310621,0.110005524414,0.437481229618,0.0014525212594
270.180360721,0.110021949279,0.437448122359,0.00145243172924
272.705410822,0.110038374145,0.437415015099,0.00145234219908
275.230460922,0.110054708091,0.437381577864,0.00145224611767
277.755511022,0.110071475619,0.437346747443,0.00145214851168
280.280561122,0.110088460397,0.437311404978,0.0014520521963
282.805611222,0.110105445175,0.437276062513,0.00145195588091
285.330661323,0.110122429952,0.437240720048,0.00145185956553
287.855711423,0.110139238326,0.437204769871,0.0014517529178
290.380761523,0.110156767323,0.437167644298,0.00145165014471
292.905811623,0.110174341999,0.437130454395,0.00145154772387
295.430861723,0.110191916675,0.437093264492,0.00145144530303
297.955911824,0.110209466277,0.437055986018,0.00145134163921
300.480961924,0.11022693359,0.43701777173,0.00145122709566
303.006012024,0.110245132312,0.436979399245,0.00145111990849
305.531062124,0.110263331033,0.436941026761,0.00145101272132
308.056112224,0.110281529755,0.436902654276,0.00145090553415
310.581162325,0.110299604627,0.436863811023,0.00145079296016
313.106212425,0.110317886805,0.436824629279,0.00145067587039
315.631262525,0.110336746915,0.436786199485,0.00145056656068
318.156312625,0.110355607025,0.43674776969,0.00145045725097
320.681362725,0.110374467135,0.436709339895,0.00145034794126
323.206412826,0.110393048241,0.43666973053,0.00145022753278
325.731462926,0.110412238548,0.436631908719,0.00145011432366
328.256513026,0.110431798805,0.436595289793,0.00145000802351
330.781563126,0.110451359062,0.436558670868,0.00144990172335
333.306613226,0.110470919319,0.436522051942,0.0014497954232
335.831663327,0.11048996958,0.436482968368,0.00144966954366
338.356713427,0.110510174938,0.43645068857,0.00144957362532
340.881763527,0.110530470128,0.436418930157,0.00144948012829
343.406813627,0.110550765318,0.436387171743,0.00144938663126
345.931863727,0.11057099836,0.436355060482,0.00144929066956
348.456913828,0.110590795115,0.436321466941,0.00144917764606
350.981963928,0.110611843406,0.436299481284,0.0014491153425
353.507014028,0.110632891698,0.436277495628,0.00144905303894
356.032064128,0.110653939989,0.436255509971,0.00144899073538
358.557114228,0.110674673902,0.436231359857,0.0014489144886
361.082164329,0.110695485737,0.436213143827,0.0014488557959
363.607214429,0.110717260969,0.436208757462,0.00144885862888
366.132264529,0.110739036201,0.436204371098,0.00144886146187
368.657314629,0.110760811434,0.436199984734,0.00144886429486
371.182364729,0.110781925875,0.436189858228,0.00144883145713
373.70741483,0.11080373747,0.436202488198,0.00144889976734
376.23246493,0.110826116382,0.436228043728,0.00144902911768
378.75751503,0.110848495295,0.436253599258,0.00144915846803
381.28256513,0.110870874207,0.436279154787,0.00144928781837
383.80761523,0.11089217649,0.436292273676,0.00144934005307
386.332665331,0.110914725543,0.436362111251,0.00144967912215
388.857715431,0.110937396513,0.436436847166,0.00145004321498
391.382765531,0.110960067482,0.436511583081,0.00145040730782
393.907815631,0.110982640995,0.436584706113,0.00145076123086
396.432865731,0.111004110199,0.436654025949,0.00145107803552
398.957915832,0.111026435713,0.436807470097,0.0014518617738
401.482965932,0.111048761226,0.436960914246,0.00145264551208
404.008016032,0.111071086739,0.437114358394,0.00145342925036
406.533066132,0.111093005855,0.437256942719,0.00145414300259
409.058116232,0.111113968469,0.437442133399,0.0014551021891
411.583166333,0.111134811718,0.437718637434,0.00145660944231
414.108216433,0.111155654967,0.437995141469,0.00145811669552
416.633266533,0.111176498216,0.438271645505,0.00145962394873
419.158316633,0.111196826285,0.438519815007,0.00146094558275
421.683366733,0.111215188351,0.438904749371,0.00146314333475
424.208416834,0.111232765001,0.43936893325,0.00146585033589
426.733466934,0.111250341651,0.439833117128,0.00146855733703
429.258517034,0.111267918302,0.440297301007,0.00147126433817
431.783567134,0.111285309419,0.440703349053,0.00147358901654
434.308617234,0.111297667025,0.441415613206,0.00147799754166
436.833667335,0.111309556727,0.442157834354,0.00148260964284
439.358717435,0.111321446428,0.442900055502,0.00148722174402
441.883767535,0.111333379236,0.443636258289,0.00149179477599
444.408817635,0.111344504451,0.444360438968,0.00149633854844
446.933867735,0.111348023359,0.445500690196,0.00150383584141
449.458917836,0.111351542266,0.446640941423,0.00151133313438
451.983967936,0.111355061173,0.44778119265,0.00151883042735
454.509018036,0.111359089509,0.448881250322,0.00152607486541
457.034068136,0.111359291269,0.45016884545,0.00153478965906
459.559118236,0.111352331296,0.451856581261,0.00154644067218
462.084168337,0.111345371323,0.453544317071,0.0015580916853
464.609218437,0.11133841135,0.455232052882,0.00156974269841
467.134268537,0.111332713838,0.456827735984,0.001580841481
469.659318637,0.111319328,0.458931147472,0.0015958770326
472.184368737,0.111301405697,0.461337753184,0.00161319626973
474.709418838,0.111283483395,0.463744358897,0.00163051550686
477.234468938,0.111265561093,0.46615096461,0.00164783474399
479.759519038,0.111249569721,0.4683938933,0.0016642238482
482.284569138,0.111223496296,0.47158890999,0.00168803558242
484.809619238,0.111196312056,0.474888346391,0.00171265251315
487.334669339,0.111169127815,0.478187782792,0.00173726944388
489.859719439,0.111142065932,0.481474532761,0.00176181721523
492.384769539,0.111115982734,0.484722895058,0.00178663447544
494.909819639,0.111082840921,0.489054034575,0.00182001752152
497.434869739,0.111049699109,0.493385174091,0.00185340056761
499.95991984,0.111016557297,0.497716313608,0.00188678361369
502.48496994,0.110984299028,0.50195916078,0.00191968752892
505.01002004,0.1109519139,0.506542929638,0.0019559426898
507.53507014,0.110916234962,0.511948215928,0.00199890770997
510.06012024,0.110880556025,0.517353502217,0.00204187273014
512.585170341,0.110844877087,0.522758788507,0.0020848377503
515.110220441,0.110811884511,0.527970057378,0.00212670108503
517.635270541,0.110777847958,0.533861166975,0.00217481743824
520.160320641,0.110742032191,0.540209664147,0.00222683287248
522.685370741,0.110706216425,0.546558161319,0.00227884830671
525.210420842,0.110670400658,0.552906658491,0.00233086374095
527.735470942,0.110641286107,0.558917901308,0.00238079517403
530.260521042,0.110607763782,0.565745316302,0.00243839518255
532.785571142,0.110573522803,0.572678449765,0.00249695566194
535.310621242,0.110539281824,0.579611583228,0.00255551614133
537.835671343,0.110505583241,0.586523824165,0.00261393392559
540.360721443,0.110482929031,0.593035601327,0.00266988380903
542.885771543,0.110452500891,0.599996545318,0.00273050498906
545.410821643,0.110422072751,0.606957489309,0.0027911261691
547.935871743,0.11039164461,0.613918433301,0.00285174734913
550.460921844,0.110366151762,0.620718831165,0.0029111607002
552.985971944,0.110348749182,0.62711291815,0.0029679172267
555.511022044,0.110325088678,0.633487150075,0.00302514869784
558.036072144,0.110301428174,0.639861382,0.00308238016897
560.561122244,0.110277767669,0.646235613925,0.0031396116401
563.086172345,0.110264691769,0.652298174133,0.00319429177214
565.611222445,0.110253908202,0.657780699042,0.00324461413923
568.136272545,0.110239255924,0.6630864492,0.00329371084866
570.661322645,0.110224603646,0.668392199357,0.00334280755808
573.186372745,0.110209951368,0.673697949514,0.00339190426751
575.711422846,0.110211201299,0.678562987764,0.00343713120928
578.236472946,0.110206868274,0.68265997096,0.0034760550041
580.761523046,0.110201252753,0.686673428681,0.00351430227922
583.286573146,0.110195637231,0.690686886402,0.00355254955434
585.811623246,0.110190632492,0.69468415092,0.00359064635922
588.336673347,0.110202152284,0.69809836998,0.00362338376029
590.861723447,0.110203194184,0.700848249583,0.00365032735203
593.386773547,0.110204236085,0.703598129186,0.00367727094377
595.911823647,0.110205277985,0.706348008789,0.00370421453551
598.436873747,0.110210671547,0.708986975998,0.00373008079075
600.961923848,0.110222422974,0.711077581975,0.00375073684321
603.486973948,0.110226340125,0.712740099595,0.00376742360735
606.012024048,0.110230257276,0.714402617215,0.00378411037149
608.537074148,0.110234174427,0.716065134835,0.00380079713563
611.062124248,0.110243921732,0.717584162426,0.00381604397127
613.587174349,0.110251420869,0.718585338014,0.00382617663031
616.112224449,0.110254509589,0.71935636229,0.0038340484554
618.637274549,0.11025759831,0.720127386567,0.00384192028049
621.162324649,0.11026068703,0.720898410843,0.00384979210558
623.687374749,0.110268216862,0.72156280527,0.00385657194568
626.21242485,0.110269306414,0.721641246186,0.00385737224093
628.73747495,0.110269304192,0.721641252736,0.00385737228574
631.26252505,0.110269301969,0.721641259286,0.00385737233054
633.78757515,0.110269299751,0.721641265824,0.00385737237524
636.312625251,0.110268915028,0.721545812588,0.00385639781536
638.837675351,0.110265821967,0.720774801558,0.00384852608408
641.362725451,0.110262728906,0.720003790528,0.00384065435279
643.887775551,0.110259635845,0.719232779498,0.0038327826215
646.412825651,0.110254992721,0.718498988563,0.0038252920577
648.937875752,0.110247992221,0.71748328553,0.00381503137114
651.462925852,0.1102440704,0.715820781756,0.00379834471108
653.987975952,0.110240148579,0.714158277982,0.00378165805101
656.513026052,0.110236226758,0.712495774209,0.00376497139095
659.038076152,0.11022658028,0.710974170991,0.00374969867439
661.563126253,0.110220230136,0.708742102404,0.00372770182147
664.088176353,0.110219182678,0.705992237331,0.003700758344
666.613226453,0.110218135221,0.703242372259,0.00367381486653
669.138276553,0.110217087764,0.700492507187,0.00364687138905
671.663326653,0.110204145562,0.698045816675,0.00362287276803
674.188376754,0.110206796165,0.694253628149,0.00358664541806
676.713426854,0.110212404954,0.690240184606,0.00354839825751
679.238476954,0.110218013742,0.686226741063,0.00351015109695
681.763527054,0.110223368846,0.682220023433,0.00347196643484
684.288577154,0.110213405895,0.678499117701,0.00343657002338
686.813627255,0.110228050372,0.673193379254,0.00338747340914
689.338677355,0.110242694848,0.667887640806,0.00333837679489
691.863727455,0.110257339325,0.662581902359,0.00328928018064
694.388777555,0.110266693331,0.657422785812,0.00324147101239
696.913827655,0.110271670925,0.652088611984,0.00319257611191
699.438877756,0.110295322802,0.645714386783,0.00313534469462
701.963927856,0.110318974679,0.639340161582,0.00307811327732
704.488977956,0.110342626556,0.632965936381,0.00302088186003
707.014028056,0.110356256785,0.626886810785,0.00296606612337
709.539078156,0.110376341772,0.620381452629,0.00290862257602
712.064128257,0.110406760616,0.613420508724,0.00284800139555
714.589178357,0.110437179459,0.606459564818,0.00278738021508
717.114228457,0.110467598303,0.599498620913,0.00272675903461
719.639278557,0.110485132572,0.592956820636,0.00266929117823
722.164328657,0.110516385662,0.586098871282,0.0026110318284
724.689378758,0.110550616846,0.579165731445,0.00255247129752
727.214428858,0.11058484803,0.572232591608,0.00249391076664
729.739478958,0.110619027577,0.565301440777,0.0024353638206
732.264529058,0.110641891006,0.558873780866,0.00238052305095
734.789579158,0.110677696653,0.552525272754,0.00232850753099
737.314629259,0.110713502299,0.546176764643,0.00227649201102
739.839679359,0.110749307945,0.539828256532,0.00222447649106
742.364729459,0.110782991213,0.533586562869,0.00217312101153
744.889779559,0.110813286194,0.52784533435,0.00212599344133
747.414829659,0.110848954907,0.522440035131,0.0020830283222
749.93987976,0.11088462362,0.517034735912,0.00204006320306
752.46492986,0.110920292333,0.511629436693,0.00199709808393
754.98997996,0.110953508605,0.50640126054,0.00195513871963
757.51503006,0.110985690128,0.501782361844,0.00191872860551
760.04008016,0.111018821717,0.497451209607,0.00188534546416
762.565130261,0.111051953306,0.49312005737,0.00185196232281
765.090180361,0.111085084895,0.488788905133,0.00181857918145
767.615230461,0.111116011258,0.484678114761,0.00178639186509
770.140280561,0.111143643322,0.481266414901,0.00176068304257
772.665330661,0.111170817519,0.477966967345,0.00173606603017
775.190380762,0.111197991716,0.474667519789,0.00171144901776
777.715430862,0.111225165912,0.471368072232,0.00168683200536
780.240480962,0.111249326724,0.468374628888,0.0016641146327
782.765531062,0.111267239163,0.465968014154,0.00164679533128
785.290581162,0.111285151603,0.46356139942,0.00162947602987
787.815631263,0.111303064043,0.461154784686,0.00161215672845
790.340681363,0.111320395003,0.458797456544,0.00159511750973
792.865731463,0.11133297072,0.456771091058,0.00158050183504
795.390781563,0.111339921138,0.455083348388,0.00156885077479
797.915831663,0.111346871557,0.453395605719,0.00155719971454
800.440881764,0.111353821975,0.451707863049,0.00154554865428
802.965931864,0.111359661137,0.450101143456,0.00153438365732
805.490981964,0.11135949492,0.448804432949,0.00152559174231
808.016032064,0.11135596674,0.447664176755,0.00151809441687
810.541082164,0.111352438559,0.446523920561,0.00151059709142
813.066132265,0.111348910379,0.445383664368,0.00150309976598
815.591182365,0.111344165594,0.444339390404,0.00149620625858
818.116232465,0.111333355011,0.443553798272,0.00149125959392
820.641282565,0.111321456349,0.442811573665,0.00148664747161
823.166332665,0.111309557687,0.442069349058,0.0014820353493
825.691382766,0.111297659024,0.441327124452,0.00147742322699
828.216432866,0.111284638945,0.440697233797,0.0014735489262
830.741482966,0.111267053676,0.440233047647,0.0014708419124
833.266533066,0.111249468407,0.439768861498,0.0014681348986
835.791583166,0.111231883139,0.439304675348,0.0014654278848
838.316633267,0.111214350889,0.438857109647,0.00146283017328
840.841683367,0.111195828824,0.438503124563,0.00146083638129
843.366733467,0.111174977244,0.43822661905,0.00145932912071
845.891783567,0.111154125664,0.437950113537,0.00145782186013
848.416833667,0.111133274085,0.437673608023,0.00145631459955
850.941883768,0.111112859586,0.437421145523,0.00145496484451
853.466933868,0.111091528512,0.437237113443,0.00145401536115
855.991983968,0.11106919503,0.437083668259,0.00145323161824
858.517034068,0.111046861547,0.436930223076,0.00145244787533
861.042084168,0.111024528064,0.436776777893,0.00145166413242
863.567134269,0.11100312376,0.436648165091,0.0014510404216
866.092184369,0.110980723195,0.436565784524,0.00145064208002
868.617234469,0.110958044613,0.436491047887,0.00145027798438
871.142284569,0.110935366031,0.436416311251,0.00144991388873
873.667334669,0.110912687449,0.436341574615,0.00144954979308
876.19238477,0.110891271029,0.436291106938,0.00144933298026
878.71743487,0.110868884843,0.436265550906,0.00144920362829
881.24248497,0.110846498658,0.436239994874,0.00144907427632
883.76753507,0.110824112473,0.436214438842,0.00144894492436
886.29258517,0.110802018036,0.436192253267,0.00144883647152
888.817635271,0.110780711873,0.436186610239,0.00144881144268
891.342685371,0.110758929728,0.43619099625,0.00144880860883
893.867735471,0.110737147582,0.43619538226,0.00144880577498
896.392785571,0.110715365437,0.436199768271,0.00144880294112
898.917835671,0.110694123732,0.436208849406,0.00144882928397
901.442885772,0.110673249242,0.436227567339,0.001448890238
903.967935872,0.110652194327,0.436249552739,0.00144895254114
906.492985972,0.110631139412,0.436271538139,0.00144901484428
909.018036072,0.110610084497,0.436293523539,0.00144907714743
911.543086172,0.110589718355,0.436320251572,0.00144917000211
914.068136273,0.110569454018,0.436351436138,0.00144926555093
916.593186373,0.110549152495,0.436383194357,0.00144935904779
919.118236473,0.110528850971,0.436414952576,0.00144945254465
921.643286573,0.110508549448,0.436446710795,0.00144954604152
924.168336673,0.11048899372,0.43648274943,0.0014496680276
926.693386774,0.110469427389,0.4365193682,0.00144977432771
929.218436874,0.110449861058,0.43655598697,0.00144988062781
931.743486974,0.110430294728,0.43659260574,0.00144998692792
934.268537074,0.11041085918,0.436629856619,0.00145009824955
936.793587174,0.110391932953,0.436669074412,0.00145022162113
939.318637275,0.110373067009,0.436707504076,0.00145033093083
941.843687375,0.110354201064,0.43674593374,0.00145044024053
944.368737475,0.11033533512,0.436784363405,0.00145054955023
946.893787575,0.110316689092,0.436823722974,0.00145066760957
949.418837675,0.110298403837,0.436863003857,0.00145078403879
951.943887776,0.110280199514,0.436901376227,0.00145089122596
954.468937876,0.110261995192,0.436939748597,0.00145099841313
956.993987976,0.11024379087,0.436978120967,0.0014511056003
959.519038076,0.110225846698,0.437017482435,0.00145122410536
962.044088176,0.110208217627,0.437055163297,0.00145133047566
964.569138277,0.110190637545,0.437092353096,0.0014514328965
967.094188377,0.110173057463,0.437129542894,0.00145153531734
969.619238477,0.110155477382,0.437166732693,0.00145163773818
972.144288577,0.110138182219,0.437204704614,0.00145175226789
974.669338677,0.110121192277,0.437240046982,0.00145184858328
977.194388778,0.110104202334,0.437275389351,0.00145194489868
979.719438878,0.110087212392,0.437310731719,0.00145204121407
982.244488978,0.110070265161,0.437346221309,0.00145214003256
984.769539078,0.110053591477,0.437381384188,0.00145224281039
987.294589178,0.110037161643,0.437414491358,0.00145233234058
989.819639279,0.11002073181,0.437447598527,0.00145242187077
992.344689379,0.110004301976,0.437480705696,0.00145251140096
994.869739479,0.10998794115,0.437514063539,0.00145260590807
997.394789579,0.109971875257,0.437546056451,0.00145269641224
999.919839679,0.109955980464,0.437576696651,0.00145277877568
1002.44488978,0.109940085672,0.437607336852,0.00145286113913
1004.96993988,0.109924190879,0.437637977052,0.00145294350258
1007.49498998,0.109908370027,0.437668938765,0.00145303285578
1010.02004008,0.10989290924,0.437697570736,0.00145311124557
1012.54509018,0.109877530519,0.4377255857,0.00145318614292
1015.07014028,0.109862151797,0.437753600664,0.00145326104026
1017.59519038,0.109846773076,0.437781615628,0.00145333593761
1020.12024048,0.10983147649,0.437809874984,0.00145341867503
1022.64529058,0.109816603074,0.437835120923,0.00145348574354
1025.17034068,0.109801729659,0.437860366861,0.00145355281205
1027.69539078,0.109786856244,0.437885612799,0.00145361988056
1030.22044088,0.109771987894,0.437910940197,0.00145368857915
1032.74549098,0.109757282014,0.437935612488,0.0014537590843
1035.27054108,0.109742913885,0.437957915588,0.0014538177855
1037.79559118,0.109728545756,0.437980218687,0.0014538764867
1040.32064128,0.109714177628,0.438002521786,0.0014539351879
1042.84569138,0.109699803682,0.438025024218,0.00145399728809
1045.37074148,0.109685711617,0.438045806889,0.00145405452399
1047.89579158,0.109671863107,0.438064929518,0.00145410405168
1050.42084168,0.109658014597,0.438084052147,0.00145415357937
1052.94589178,0.109644166087,0.438103174776,0.00145420310706
1055.47094188,0.109630278759,0.438122643669,0.00145425744695
1057.99599198,0.109616855477,0.438139101372,0.00145430028416
1060.52104208,0.109603559823,0.43815471964,0.00145433949867
1063.04609218,0.109590264169,0.438170337907,0.00145437871319
1065.57114228,0.109576968515,0.438185956175,0.0014544179277
1068.09619238,0.109563600334,0.438201922611,0.00145446220376
1070.62124248,0.109550914694,0.438213621437,0.00145448962052
1073.14629259,0.109538229054,0.438225320263,0.00145451703729
1075.67134269,0.109525543415,0.438237019088,0.00145454445405
1078.19639279,0.109512826888,0.438248823976,0.00145457278766
1080.72144289,0.10950022127,0.438259675255,0.00145459988039
1083.24649299,0.109488233197,0.438266974088,0.00145461377064
1085.77154309,0.109476245125,0.438274272922,0.00145462766089
1088.29659319,0.109464257052,0.438281571755,0.00145464155113
1090.82164329,0.109452165096,0.438289093152,0.00145465682124
1093.34669339,0.10944050281,0.438294035847,0.0014546640994
1095.87174349,0.109429335717,0.438296466732,0.00145466280087
1098.39679359,0.109418168623,0.438298897617,0.00145466150233
1100.92184369,0.109407001529,0.438301328502,0.0014546602038
1103.44689379,0.109395611553,0.438303968704,0.00145465921858
1105.97194389,0.109385143334,0.438302435823,0.00145464543502
1108.49699399,0.10937496305,0.43829970484,0.00145462802037
1111.02204409,0.109364782766,0.438296973858,0.00145461060572
1113.54709419,0.109354602481,0.438294242875,0.00145459319106
1116.07214429,0.109344070784,0.438291249242,0.00145457205668
1118.59719439,0.10933508765,0.438283519474,0.00145453955614
1121.12224449,0.109326104517,0.438275789705,0.00145450705559
1123.64729459,0.109317121384,0.438268059937,0.00145447455505
1126.17234469,0.109308043328,0.438260173013,0.00145444038255
1128.69739479,0.109299069914,0.438250707339,0.00145439819317
1131.22244489,0.109291539946,0.438239039989,0.00145435558815
1133.74749499,0.109284009978,0.438227372639,0.00145431298313
1136.27254509,0.109276480009,0.438215705289,0.00145427037812
1138.79759519,0.109268672041,0.438203180551,0.00145422050018
1141.32264529,0.109261743243,0.438189833816,0.00145417062234
1143.84769539,0.109255958348,0.438176802782,0.0014541297614
1146.37274549,0.109250173454,0.438163771748,0.00145408890045
1148.89779559,0.109244388559,0.438150740713,0.00145404803951
1151.42284569,0.109238088779,0.438135393871,0.00145398985327
1153.94789579,0.109233714416,0.438124249958,0.00145396176122
1156.47294589,0.109229985459,0.438114688288,0.00145394510665
1158.99799599,0.109226256501,0.438105126619,0.00145392845209
1161.52304609,0.109222527544,0.438095564949,0.00145391179752
1164.04809619,0.109218071989,0.438081849708,0.00145386661789
1166.57314629,0.10921669726,0.438083577038,0.00145391118879
1169.09819639,0.109215322531,0.438085304368,0.00145395575968
1171.62324649,0.109213947803,0.438087031698,0.00145400033057
1174.14829659,0.109212421299,0.438087842401,0.00145403930993
1176.67334669,0.109211061985,0.438091513884,0.00145408993172
1179.19839679,0.109212260722,0.438115724816,0.00145424987279
1181.72344689,0.109213459458,0.438139935748,0.00145440981387
1184.24849699,0.109214658195,0.438164146679,0.00145456975494
1186.77354709,0.109215475209,0.4381866208,0.00145472165727
1189.29859719,0.109217609285,0.4382276007,0.0014549672945
1191.82364729,0.109221498534,0.43828838457,0.00145531222627
1194.34869739,0.109225387783,0.438349168439,0.00145565715804
1196.87374749,0.109229277032,0.438409952309,0.00145600208981
1199.3987976,0.109232583092,0.438471326832,0.00145636110609
1201.9238477,0.109238124693,0.438571567817,0.00145690938751
1204.4488978,0.109244458306,0.438683859971,0.00145751455851
1206.9739479,0.109250791918,0.438796152125,0.00145811972951
1209.498998,0.10925712553,0.43890844428,0.0014587249005
1212.0240481,0.109262768538,0.439031847331,0.00145942324734
1214.5490982,0.109271305714,0.439207139828,0.00146034772842
1217.0741483,0.10927984289,0.439382432326,0.00146127220951
1219.5991984,0.109288380066,0.439557724823,0.00146219669059
1222.1242485,0.109296805293,0.439737598655,0.00146315590031
1224.6492986,0.109304926208,0.439951206135,0.00146432979089
1227.1743487,0.109313912549,0.440190873,0.00146558267583
1229.6993988,0.10932289889,0.440430539865,0.00146683556077
1232.2244489,0.109331885232,0.44067020673,0.00146808844571
1234.749499,0.109340623766,0.440930995359,0.00146949208584
1237.2745491,0.109349848556,0.441220637393,0.00147105643501
1239.7995992,0.109359909093,0.441508017577,0.00147256026353
1242.3246493,0.109369969631,0.441795397761,0.00147406409205
1244.8496994,0.109380030168,0.442082777944,0.00147556792058
1247.3747495,0.109389423684,0.442418849041,0.00147740513582
1249.8997996,0.109396127003,0.442729680806,0.00147916637918
1252.4248497,0.109402062303,0.443023638757,0.00148084395952
1254.9498998,0.109407997603,0.443317596708,0.00148252153986
1257.4749499,0.109413932903,0.443611554659,0.0014841991202
1260,0.109419181383,0.443982494395,0.00148639424464
